File version	
File path	C:\Users\abetetsuya\Desktop\Data\Static_3_100Hz_B4BF.csv
Subject's name	Default
Subject's age	30
Subject's height	170
Subject's weight	70
Time start	11/20/2020 - 14:17:03.178
Configuration information	
samplingRatesIndex	3	accelActive	1	gyroActive	1	magActive	1	ecgActive	0	emgActive	0	gsrActive	0	anex0Active	0	anex7Active	0	strainActive	0	heartActive	0	VReg	0	PMux	0	accelRangeIndex	0	gsrRangeIndex	1






TimeStamp,XAccel,YAccel,ZAccel,XGyro,YGyro,ZGyro,XMag,YMag,ZMag
132503230297549283,1923,2195,2637,1862,1824,1850,-414,56,-495
132503230297565935,1929,2196,2639,1863,1824,1853,-414,56,-495
132503230297584975,1938,2209,2620,1862,1822,1851,-414,56,-495
132503230297770305,1927,2180,2651,1862,1823,1851,-414,56,-495
132503230298020168,1943,2191,2637,1861,1823,1850,-414,56,-495
132503230298118033,1932,2183,2627,1862,1824,1851,-414,56,-495
132503230298220620,1928,2187,2660,1863,1824,1852,-414,56,-495
132503230298267472,1932,2186,2645,1862,1823,1851,-413,47,-491
132503230298312833,1927,2175,2627,1862,1823,1851,-413,47,-491
132503230298347383,1953,2207,2641,1862,1823,1851,-413,47,-491
132503230298495931,1940,2195,2632,1862,1823,1851,-413,47,-491
132503230298516687,1935,2194,2632,1863,1824,1852,-413,47,-491
132503230298540481,1946,2185,2643,1863,1824,1851,-413,47,-491
132503230298638420,1932,2203,2635,1861,1824,1850,-413,47,-491
132503230298663688,1934,2209,2630,1863,1825,1853,-408,46,-488
132503230298903683,1924,2192,2637,1863,1823,1852,-408,46,-488
132503230299043905,1953,2194,2649,1863,1824,1850,-408,46,-488
132503230299068378,1942,2183,2630,1862,1824,1852,-408,46,-488
132503230299161399,1926,2197,2622,1862,1822,1851,-408,46,-488
132503230299366341,1939,2188,2635,1862,1823,1850,-408,46,-488
132503230299402544,1935,2197,2650,1860,1823,1851,-408,46,-488
132503230299737169,1928,2188,2641,1861,1822,1851,-415,52,-486
132503230299963824,1927,2203,2639,1863,1825,1853,-415,52,-486
132503230299979184,1940,2212,2650,1862,1823,1851,-415,52,-486
132503230300064444,1928,2169,2635,1862,1823,1851,-415,52,-486
132503230300078624,1931,2178,2647,1862,1823,1851,-415,52,-486
132503230300099538,1940,2164,2635,1864,1824,1852,-415,52,-486
132503230300115833,1934,2169,2643,1863,1824,1852,-415,52,-486
132503230300317880,1934,2200,2620,1862,1824,1852,-411,56,-487
132503230300332146,1939,2221,2662,1862,1823,1850,-411,56,-487
132503230300345329,1935,2186,2607,1862,1822,1851,-411,56,-487
132503230300438605,1926,2207,2659,1863,1824,1852,-411,56,-487
132503230300942552,1936,2199,2633,1863,1823,1849,-411,56,-487
132503230301218061,1928,2180,2631,1863,1824,1852,-411,56,-487
132503230301242870,1949,2189,2611,1862,1823,1850,-411,56,-487
132503230301265483,1939,2189,2630,1862,1822,1851,-410,62,-487
132503230301373955,1935,2190,2633,1863,1823,1851,-410,62,-487
132503230301392766,1926,2205,2631,1862,1823,1851,-410,62,-487
132503230301418543,1936,2193,2628,1863,1824,1852,-410,62,-487
132503230301454509,1930,2195,2629,1861,1821,1850,-410,62,-487
132503230301510795,1923,2166,2642,1861,1822,1849,-410,62,-487
132503230301529593,1930,2180,2628,1862,1823,1850,-410,62,-487
132503230301561003,1935,2190,2635,1862,1822,1850,-412,55,-487
132503230301631606,1940,2187,2631,1863,1824,1851,-412,55,-487
132503230301654733,1937,2204,2634,1863,1824,1851,-412,55,-487
132503230301777663,1939,2186,2634,1862,1822,1849,-412,55,-487
132503230301816611,1948,2215,2639,1862,1823,1850,-412,55,-487
132503230301943800,1926,2193,2625,1863,1824,1851,-412,55,-487
132503230302198322,1915,2178,2657,1864,1823,1851,-412,55,-487
132503230302220101,1932,2197,2634,1863,1824,1851,-411,56,-488
132503230302268219,1934,2193,2660,1863,1823,1850,-411,56,-488
132503230302364965,1944,2196,2643,1862,1822,1850,-411,56,-488
132503230302390814,1944,2189,2640,1862,1823,1850,-411,56,-488
132503230302454746,1945,2207,2640,1862,1822,1849,-411,56,-488
132503230302629006,1925,2186,2642,1863,1824,1851,-411,56,-488
132503230302781196,1917,2186,2653,1862,1823,1851,-411,56,-488
132503230302888542,1934,2201,2634,1862,1822,1850,-414,52,-492
132503230302936699,1924,2184,2623,1862,1823,1849,-414,52,-492
132503230302963202,1942,2173,2657,1861,1823,1850,-414,52,-492
132503230303121926,1938,2181,2646,1864,1824,1851,-414,52,-492
132503230303282817,1939,2196,2643,1862,1824,1850,-414,52,-492
132503230303369854,1914,2203,2639,1862,1823,1850,-414,52,-492
132503230303394519,1932,2175,2654,1862,1823,1850,-414,52,-492
132503230303470845,1926,2182,2644,1864,1823,1850,-415,56,-486
132503230303556195,1939,2203,2652,1863,1822,1850,-415,56,-486
132503230303808205,1927,2195,2650,1863,1824,1850,-415,56,-486
132503230304056939,1939,2196,2643,1862,1823,1849,-415,56,-486
132503230304612513,1932,2215,2636,1862,1823,1849,-415,56,-486
132503230304919826,1944,2184,2628,1863,1823,1850,-415,56,-486
132503230305155119,1919,2190,2635,1862,1823,1850,-415,56,-486
132503230305456466,1944,2195,2645,1863,1823,1849,-416,52,-489
132503230305504301,1931,2184,2614,1861,1822,1848,-416,52,-489
132503230305587568,1926,2178,2644,1863,1822,1848,-416,52,-489
132503230305696317,1934,2199,2644,1862,1823,1849,-416,52,-489
132503230305736284,1933,2195,2645,1862,1824,1849,-416,52,-489
132503230305828044,1935,2207,2628,1863,1824,1849,-416,52,-489
132503230305890829,1936,2199,2666,1863,1825,1851,-416,52,-489
132503230306135937,1923,2190,2632,1862,1822,1848,-408,54,-481
132503230306153524,1926,2185,2637,1861,1823,1849,-408,54,-481
132503230306401978,1928,2205,2634,1863,1824,1849,-408,54,-481
132503230306454547,1920,2176,2639,1862,1823,1849,-408,54,-481
132503230306500815,1940,2205,2633,1862,1823,1850,-408,54,-481
132503230306565186,1927,2191,2637,1862,1823,1849,-408,54,-481
132503230306580476,1928,2185,2653,1863,1824,1849,-408,54,-481
132503230306613339,1958,2198,2634,1863,1823,1849,-409,54,-482
132503230306747368,1928,2186,2642,1863,1822,1848,-409,54,-482
132503230306792367,1933,2179,2647,1863,1823,1850,-409,54,-482
132503230306817796,1925,2189,2636,1861,1822,1848,-409,54,-482
132503230306859122,1943,2184,2620,1862,1823,1848,-409,54,-482
132503230306877201,1945,2216,2628,1863,1822,1849,-409,54,-482
132503230306929983,1930,2201,2657,1864,1824,1851,-409,54,-482
132503230306995668,1939,2198,2640,1863,1824,1850,-409,54,-482
132503230307023890,1938,2188,2631,1862,1823,1849,-409,54,-482
132503230307047718,1934,2194,2629,1862,1823,1849,-409,54,-482
132503230307238289,1940,2195,2644,1862,1823,1848,-409,54,-482
132503230307262585,1934,2196,2629,1862,1824,1849,-409,54,-482
132503230307305743,1939,2192,2657,1863,1824,1849,-409,54,-482
132503230307493652,1929,2178,2650,1863,1823,1850,-410,54,-488
132503230307537527,1927,2209,2631,1862,1823,1848,-410,54,-488
132503230307586107,1944,2192,2653,1862,1823,1849,-410,54,-488
132503230307711294,1924,2198,2639,1863,1824,1849,-410,54,-488
132503230307734029,1920,2197,2653,1861,1822,1848,-410,54,-488
132503230307779571,1927,2190,2632,1863,1824,1849,-410,54,-488
132503230308063453,1909,2197,2643,1863,1823,1849,-410,54,-488
132503230308089984,1936,2190,2627,1862,1823,1849,-423,55,-487
132503230308115016,1943,2178,2648,1862,1823,1848,-423,55,-487
132503230308563996,1935,2188,2627,1861,1823,1849,-423,55,-487
132503230308590552,1930,2191,2636,1863,1823,1850,-423,55,-487
132503230308830000,1936,2188,2649,1863,1823,1849,-423,55,-487
132503230308966015,1933,2183,2647,1862,1823,1848,-423,55,-487
132503230308992418,1931,2191,2637,1862,1823,1848,-423,55,-487
132503230309016535,1932,2186,2643,1862,1824,1849,-416,54,-490
132503230309063986,1915,2193,2623,1863,1824,1848,-416,54,-490
132503230309089593,1954,2196,2633,1862,1823,1849,-416,54,-490
132503230309174638,1940,2180,2625,1862,1822,1847,-416,54,-490
132503230309287962,1923,2205,2651,1862,1823,1849,-416,54,-490
132503230309304562,1944,2184,2631,1862,1822,1848,-416,54,-490
132503230309342267,1927,2179,2635,1862,1823,1848,-416,54,-490
132503230309545795,1936,2175,2642,1863,1825,1850,-418,54,-495
132503230309608929,1939,2197,2639,1862,1822,1847,-418,54,-495
132503230309642479,1917,2188,2625,1862,1823,1849,-418,54,-495
132503230309785284,1916,2191,2650,1863,1824,1847,-418,54,-495
132503230309807663,1916,2199,2625,1862,1824,1848,-418,54,-495
132503230309902409,1923,2186,2652,1864,1824,1850,-418,54,-495
132503230309937240,1955,2187,2657,1862,1823,1849,-418,54,-495
132503230309955512,1909,2200,2636,1862,1823,1848,-417,47,-485
132503230310049702,1934,2190,2626,1863,1824,1852,-417,47,-485
132503230310070139,1935,2187,2643,1863,1824,1850,-417,47,-485
132503230310176985,1941,2179,2638,1863,1824,1848,-417,47,-485
132503230310208868,1920,2183,2631,1862,1823,1850,-417,47,-485
132503230310228373,1936,2194,2639,1863,1825,1850,-417,47,-485
132503230310294477,1925,2205,2628,1862,1823,1848,-417,47,-485
132503230310324606,1939,2199,2635,1863,1823,1847,-417,46,-486
132503230310346997,1935,2184,2628,1862,1823,1849,-417,46,-486
132503230310442975,1921,2206,2646,1863,1824,1849,-417,46,-486
132503230310707029,1920,2194,2643,1862,1822,1848,-417,46,-486
132503230310723386,1929,2209,2636,1864,1825,1851,-417,46,-486
132503230310937859,1934,2187,2639,1863,1824,1849,-417,46,-486
132503230311070692,1930,2196,2625,1861,1823,1848,-417,46,-486
132503230311093185,1939,2176,2649,1863,1824,1849,-423,48,-484
132503230311163283,1933,2194,2645,1862,1823,1850,-423,48,-484
132503230311241108,1934,2206,2638,1862,1822,1848,-423,48,-484
132503230311264364,1933,2180,2631,1862,1823,1849,-423,48,-484
132503230311411731,1934,2207,2651,1862,1823,1850,-423,48,-484
132503230311733701,1930,2201,2616,1863,1824,1850,-423,48,-484
132503230311761902,1937,2189,2627,1863,1824,1850,-423,48,-484
132503230312231722,1923,2204,2641,1862,1823,1849,-413,47,-484
132503230312275664,1929,2205,2642,1861,1823,1848,-413,47,-484
132503230312297658,1921,2179,2644,1862,1822,1848,-413,47,-484
132503230312577876,1936,2177,2637,1863,1823,1849,-413,47,-484
132503230312817391,1940,2186,2646,1863,1824,1849,-413,47,-484
132503230312900099,1954,2183,2634,1861,1822,1848,-413,47,-484
132503230312927928,1937,2219,2643,1861,1823,1848,-413,47,-484
132503230312953253,1934,2197,2625,1861,1823,1848,-406,47,-482
132503230313004407,1926,2192,2652,1862,1822,1848,-406,47,-482
132503230313133955,1946,2197,2637,1864,1824,1850,-406,47,-482
132503230313155351,1932,2185,2619,1861,1823,1851,-406,47,-482
132503230313285770,1923,2189,2611,1862,1823,1848,-406,47,-482
132503230313307335,1946,2183,2662,1862,1823,1848,-406,47,-482
132503230313329321,1931,2178,2645,1863,1825,1850,-406,47,-482
132503230313347294,1928,2175,2639,1864,1824,1849,-409,48,-481
132503230313397129,1927,2185,2637,1863,1823,1850,-409,48,-481
132503230313415583,1936,2204,2637,1862,1822,1849,-409,48,-481
132503230313439250,1918,2181,2638,1862,1823,1848,-409,48,-481
132503230313523770,1925,2180,2637,1863,1824,1848,-409,48,-481
132503230313544693,1938,2199,2646,1862,1822,1848,-409,48,-481
132503230313653307,1931,2194,2635,1863,1824,1850,-409,48,-481
132503230313731872,1929,2182,2638,1862,1823,1848,-416,39,-483
132503230313787084,1945,2198,2651,1862,1823,1848,-416,39,-483
132503230313819639,1943,2205,2624,1863,1824,1849,-416,39,-483
132503230313977142,1925,2189,2643,1862,1823,1850,-416,39,-483
132503230314006518,1927,2210,2636,1863,1824,1849,-416,39,-483
132503230314243881,1941,2196,2636,1861,1823,1849,-416,39,-483
132503230314768857,1908,2195,2655,1863,1822,1849,-416,39,-483
132503230314803542,1947,2181,2619,1862,1822,1848,-416,52,-486
132503230314823160,1941,2183,2665,1862,1823,1849,-416,52,-486
132503230314839549,1936,2217,2640,1863,1824,1850,-416,52,-486
132503230315063885,1943,2196,2646,1862,1824,1850,-416,52,-486
132503230315083818,1925,2194,2635,1861,1823,1848,-416,52,-486
132503230315141588,1942,2193,2643,1861,1822,1848,-416,52,-486
132503230315181121,1922,2196,2636,1862,1823,1851,-416,52,-486
132503230315414201,1931,2193,2637,1862,1823,1848,-418,45,-488
132503230315681290,1934,2187,2636,1863,1824,1850,-418,45,-488
132503230316241533,1914,2202,2641,1862,1823,1850,-418,45,-488
132503230316320579,1945,2200,2647,1864,1825,1851,-418,45,-488
132503230316405535,1934,2206,2639,1862,1822,1848,-418,45,-488
132503230316425661,1916,2203,2643,1862,1823,1850,-418,45,-488
132503230316654719,1944,2207,2635,1863,1824,1850,-418,45,-488
132503230316903725,1925,2196,2632,1862,1822,1848,-407,52,-484
132503230317171383,1958,2175,2649,1861,1822,1848,-407,52,-484
132503230317200690,1944,2214,2639,1862,1822,1849,-407,52,-484
132503230317220618,1943,2181,2636,1863,1824,1850,-407,52,-484
132503230317238344,1934,2189,2628,1863,1823,1846,-407,52,-484
132503230317452617,1947,2199,2636,1863,1824,1850,-407,52,-484
132503230317693168,1914,2191,2636,1862,1823,1848,-407,52,-484
132503230317823445,1920,2198,2638,1862,1822,1849,-405,48,-482
132503230317966168,1929,2170,2649,1863,1824,1849,-405,48,-482
132503230317990760,1932,2201,2636,1861,1822,1849,-405,48,-482
132503230318129446,1931,2195,2636,1863,1824,1850,-405,48,-482
132503230318328382,1935,2175,2638,1862,1822,1849,-405,48,-482
132503230318352786,1919,2205,2632,1861,1823,1848,-405,48,-482
132503230318410946,1943,2178,2644,1862,1823,1849,-405,48,-482
132503230318430132,1938,2193,2636,1862,1823,1849,-405,48,-482
132503230318479849,1940,2196,2632,1863,1823,1849,-405,48,-482
132503230318566793,1925,2196,2631,1862,1823,1849,-405,48,-482
132503230318614792,1950,2191,2624,1864,1824,1850,-405,48,-482
132503230318636456,1935,2175,2636,1862,1823,1849,-405,48,-482
132503230319059062,1916,2196,2651,1862,1822,1850,-405,48,-482
132503230319326164,1931,2192,2660,1863,1823,1849,-417,49,-488
132503230319570449,1920,2198,2647,1862,1824,1849,-417,49,-488
132503230319820627,1935,2190,2634,1862,1822,1849,-417,49,-488
132503230319859805,1930,2194,2635,1862,1823,1848,-417,49,-488
132503230319954986,1947,2213,2643,1863,1823,1849,-417,49,-488
132503230320008748,1923,2207,2619,1862,1823,1847,-417,49,-488
132503230320030362,1938,2183,2628,1863,1823,1849,-417,49,-488
132503230320152078,1927,2208,2649,1864,1825,1848,-406,46,-490
132503230320181860,1925,2165,2655,1863,1824,1849,-406,46,-490
132503230320202245,1941,2181,2619,1860,1823,1848,-406,46,-490
132503230320275728,1921,2173,2660,1863,1823,1850,-406,46,-490
132503230320293947,1932,2202,2628,1863,1824,1850,-406,46,-490
132503230320316299,1930,2198,2633,1862,1823,1850,-406,46,-490
132503230320379392,1936,2191,2629,1862,1823,1848,-406,46,-490
132503230320451711,1932,2192,2623,1862,1823,1848,-413,51,-489
132503230320471194,1942,2196,2639,1862,1823,1849,-413,51,-489
132503230320658473,1939,2201,2621,1863,1825,1850,-413,51,-489
132503230320706852,1927,2186,2620,1863,1823,1850,-413,51,-489
132503230320874857,1935,2207,2624,1861,1822,1848,-413,51,-489
132503230320896306,1940,2194,2632,1861,1823,1848,-413,51,-489
132503230320999235,1934,2182,2620,1861,1822,1848,-413,51,-489
132503230321017410,1921,2199,2640,1862,1822,1848,-412,46,-486
132503230321056876,1927,2195,2638,1863,1824,1850,-412,46,-486
132503230321360327,1940,2174,2611,1861,1822,1848,-412,46,-486
132503230321398667,1920,2191,2642,1863,1825,1850,-412,46,-486
132503230321426394,1935,2182,2635,1861,1822,1848,-412,46,-486
132503230321538453,1927,2183,2632,1862,1822,1848,-412,46,-486
132503230321592671,1937,2194,2645,1863,1824,1850,-412,46,-486
132503230321635266,1922,2190,2631,1862,1823,1848,-414,49,-489
132503230321700730,1932,2212,2640,1861,1822,1848,-414,49,-489
132503230321721616,1938,2196,2644,1862,1824,1849,-414,49,-489
132503230321788070,1922,2196,2623,1862,1823,1849,-414,49,-489
132503230321851068,1936,2184,2631,1863,1824,1849,-414,49,-489
132503230321879657,1935,2174,2630,1863,1823,1849,-414,49,-489
132503230321928864,1925,2200,2621,1861,1823,1848,-414,49,-489
132503230322064771,1934,2199,2626,1862,1823,1848,-420,53,-493
132503230322082566,1925,2191,2651,1863,1823,1849,-420,53,-493
132503230322106002,1940,2207,2646,1863,1822,1847,-420,53,-493
132503230322131839,1939,2189,2620,1862,1824,1849,-420,53,-493
132503230322156163,1924,2200,2619,1861,1822,1847,-420,53,-493
132503230322254663,1939,2209,2623,1862,1823,1846,-420,53,-493
132503230322487915,1924,2209,2607,1863,1821,1848,-420,53,-493
132503230322504173,1942,2178,2632,1863,1824,1849,-414,55,-495
132503230323092620,1931,2191,2644,1863,1824,1850,-414,55,-495
132503230323110472,1908,2194,2638,1862,1823,1848,-414,55,-495
132503230323128737,1921,2180,2642,1864,1824,1850,-414,55,-495
132503230323335654,1945,2205,2636,1861,1822,1849,-414,55,-495
132503230323353028,1937,2187,2650,1862,1823,1849,-414,55,-495
132503230323388363,1933,2202,2636,1863,1824,1850,-414,55,-495
132503230323456628,1924,2189,2634,1863,1824,1849,-409,56,-486
132503230323481615,1926,2176,2638,1861,1822,1849,-409,56,-486
132503230323583827,1920,2201,2627,1862,1822,1848,-409,56,-486
132503230323604896,1936,2199,2640,1863,1823,1849,-409,56,-486
132503230324078985,1937,2190,2635,1861,1822,1848,-409,56,-486
132503230324345630,1933,2195,2623,1862,1823,1850,-409,56,-486
132503230324491076,1932,2197,2628,1861,1822,1847,-409,56,-486
132503230324519039,1918,2209,2626,1862,1822,1848,-414,51,-484
132503230324597614,1924,2197,2627,1862,1823,1848,-414,51,-484
132503230324626347,1926,2202,2625,1862,1822,1848,-414,51,-484
132503230324766807,1941,2207,2637,1863,1823,1849,-414,51,-484
132503230324815488,1939,2208,2641,1862,1822,1848,-414,51,-484
132503230324912062,1946,2192,2637,1861,1823,1848,-414,51,-484
132503230324932043,1927,2192,2627,1862,1823,1849,-414,51,-484
132503230324952184,1949,2183,2634,1863,1823,1850,-419,55,-488
132503230325002802,1944,2191,2643,1863,1823,1850,-419,55,-488
132503230325026328,1918,2209,2628,1863,1823,1850,-419,55,-488
132503230325120940,1923,2179,2636,1862,1822,1848,-419,55,-488
132503230325364330,1945,2181,2638,1862,1823,1849,-419,55,-488
132503230325389015,1936,2183,2649,1863,1823,1849,-419,55,-488
132503230325646989,1914,2198,2625,1863,1822,1849,-419,55,-488
132503230325679518,1947,2200,2627,1863,1824,1850,-413,50,-482
132503230325699891,1941,2173,2651,1861,1822,1848,-413,50,-482
132503230325835243,1928,2198,2642,1864,1825,1851,-413,50,-482
132503230325852446,1952,2185,2649,1863,1823,1849,-413,50,-482
132503230325902893,1933,2195,2635,1862,1822,1848,-413,50,-482
132503230325928583,1921,2195,2651,1863,1823,1849,-413,50,-482
132503230326015764,1939,2197,2653,1862,1823,1849,-413,50,-482
132503230326036641,1944,2214,2638,1861,1822,1848,-418,49,-483
132503230326334775,1926,2191,2651,1862,1823,1848,-418,49,-483
132503230326359826,1916,2207,2647,1863,1823,1849,-418,49,-483
132503230326863906,1933,2195,2641,1863,1824,1849,-418,49,-483
132503230327094728,1942,2171,2641,1862,1824,1849,-418,49,-483
132503230327150219,1929,2211,2668,1861,1822,1848,-418,49,-483
132503230327182420,1935,2190,2639,1863,1823,1849,-418,49,-483
132503230327308216,1935,2203,2636,1863,1823,1849,-416,48,-488
132503230327332538,1946,2181,2632,1861,1823,1849,-416,48,-488
132503230327367235,1932,2187,2639,1863,1824,1849,-416,48,-488
132503230327419045,1933,2188,2637,1862,1822,1848,-416,48,-488
132503230327511096,1940,2212,2647,1864,1824,1850,-416,48,-488
132503230327531829,1943,2190,2621,1861,1822,1848,-416,48,-488
132503230327569539,1936,2203,2641,1862,1823,1848,-416,48,-488
132503230327649765,1943,2194,2631,1863,1824,1850,-412,52,-479
132503230327680611,1942,2199,2635,1862,1823,1848,-412,52,-479
132503230327792713,1933,2199,2641,1861,1823,1849,-412,52,-479
132503230327810812,1926,2187,2647,1861,1823,1848,-412,52,-479
132503230328050485,1919,2200,2615,1862,1823,1850,-412,52,-479
132503230328300938,1935,2194,2645,1863,1824,1850,-412,52,-479
132503230328557593,1931,2191,2651,1864,1824,1849,-412,52,-479
132503230328754547,1930,2185,2639,1864,1824,1850,-417,53,-481
132503230328851025,1931,2207,2638,1861,1822,1848,-417,53,-481
132503230328876982,1938,2186,2624,1862,1823,1848,-417,53,-481
132503230328941856,1915,2191,2650,1862,1824,1847,-417,53,-481
132503230328991422,1948,2214,2636,1863,1824,1850,-417,53,-481
132503230329047480,1919,2200,2632,1861,1823,1849,-417,53,-481
132503230329131424,1928,2202,2643,1865,1825,1851,-417,53,-481
132503230329212420,1927,2200,2633,1862,1823,1847,-417,53,-481
132503230329236255,1935,2190,2622,1862,1822,1848,-417,53,-481
132503230329299995,1938,2194,2639,1863,1824,1849,-417,53,-481
132503230329422956,1931,2196,2631,1861,1822,1848,-417,53,-481
132503230329478897,1931,2185,2654,1861,1823,1848,-417,53,-481
132503230329538752,1935,2198,2615,1861,1822,1849,-417,53,-481
132503230329618037,1928,2194,2644,1862,1823,1848,-405,51,-489
132503230329641029,1934,2212,2641,1862,1824,1849,-405,51,-489
132503230329703788,1931,2178,2641,1863,1824,1848,-405,51,-489
132503230329778532,1929,2207,2624,1861,1821,1848,-405,51,-489
132503230330360255,1931,2181,2644,1862,1822,1848,-405,51,-489
132503230330604126,1918,2198,2639,1863,1823,1849,-405,51,-489
132503230330716210,1932,2179,2622,1863,1823,1847,-405,51,-489
132503230330771532,1933,2190,2645,1863,1824,1850,-416,48,-485
132503230330861477,1938,2192,2648,1862,1823,1849,-416,48,-485
132503230330904625,1934,2198,2652,1864,1824,1850,-416,48,-485
132503230330980903,1967,2180,2632,1863,1823,1849,-416,48,-485
132503230330998911,1922,2195,2631,1862,1822,1848,-416,48,-485
132503230331115362,1931,2195,2639,1863,1824,1849,-416,48,-485
132503230331240817,1921,2207,2636,1862,1823,1848,-416,48,-485
132503230331286765,1921,2191,2651,1862,1823,1848,-414,50,-485
132503230331307660,1953,2175,2637,1862,1823,1848,-414,50,-485
132503230331373495,1916,2214,2628,1863,1824,1850,-414,50,-485
132503230331397879,1933,2209,2633,1863,1824,1849,-414,50,-485
132503230331505930,1931,2172,2646,1863,1824,1849,-414,50,-485
132503230331766585,1934,2194,2622,1862,1823,1848,-414,50,-485
132503230331939410,1921,2157,2637,1862,1823,1849,-414,50,-485
132503230331956685,1930,2190,2623,1863,1824,1849,-413,46,-483
132503230332073891,1938,2187,2638,1861,1822,1848,-413,46,-483
132503230332165572,1956,2182,2637,1862,1824,1850,-413,46,-483
132503230332182902,1935,2194,2632,1862,1823,1848,-413,46,-483
132503230332214992,1925,2181,2638,1864,1825,1851,-413,46,-483
132503230332233495,1935,2211,2641,1863,1823,1849,-413,46,-483
132503230332307670,1922,2193,2637,1862,1823,1849,-413,46,-483
132503230332724534,1934,2190,2632,1863,1824,1850,-417,45,-488
132503230332754163,1945,2198,2634,1861,1822,1847,-417,45,-488
132503230332771195,1952,2192,2614,1862,1823,1849,-417,45,-488
132503230332990941,1924,2192,2630,1862,1823,1849,-417,45,-488
132503230333011798,1947,2192,2621,1861,1822,1848,-417,45,-488
132503230333093374,1930,2199,2636,1863,1825,1849,-417,45,-488
132503230333218736,1943,2190,2642,1863,1824,1850,-417,45,-488
132503230333239767,1936,2195,2643,1859,1823,1847,-417,48,-476
132503230333258538,1934,2192,2646,1861,1823,1848,-417,48,-476
132503230333367792,1928,2181,2613,1862,1823,1849,-417,48,-476
132503230333408654,1925,2184,2646,1863,1823,1848,-417,48,-476
132503230333546697,1935,2175,2646,1863,1824,1850,-417,48,-476
132503230334023633,1922,2194,2638,1862,1823,1849,-417,48,-476
132503230334064325,1929,2213,2639,1862,1823,1849,-417,48,-476
132503230334279027,1926,2197,2656,1862,1823,1849,-415,49,-487
132503230334353545,1944,2187,2624,1862,1823,1849,-415,49,-487
132503230334374798,1930,2197,2626,1862,1824,1850,-415,49,-487
132503230334392251,1938,2196,2636,1861,1822,1847,-415,49,-487
132503230334478115,1921,2180,2645,1862,1823,1849,-415,49,-487
132503230334504295,1924,2191,2653,1861,1823,1848,-415,49,-487
132503230334557476,1940,2190,2636,1862,1822,1849,-415,49,-487
132503230334580257,1907,2202,2627,1863,1824,1849,-423,47,-479
132503230334631461,1934,2192,2655,1862,1823,1849,-423,47,-479
132503230334650106,1916,2188,2637,1861,1822,1848,-423,47,-479
132503230334672464,1934,2166,2631,1863,1826,1851,-423,47,-479
132503230334695478,1933,2220,2643,1863,1824,1850,-423,47,-479
132503230334777977,1922,2208,2633,1860,1822,1849,-423,47,-479
132503230334801962,1958,2185,2638,1862,1824,1850,-423,47,-479
132503230334820525,1936,2226,2635,1862,1822,1848,-412,48,-487
132503230334853526,1938,2197,2641,1862,1823,1849,-412,48,-487
132503230334961381,1926,2207,2655,1862,1822,1848,-412,48,-487
132503230334981255,1935,2186,2637,1862,1823,1848,-412,48,-487
132503230335045641,1939,2199,2639,1863,1824,1850,-412,48,-487
132503230335221596,1936,2193,2627,1862,1823,1849,-412,48,-487
132503230335241580,1935,2208,2612,1862,1823,1849,-412,48,-487
132503230335331088,1919,2193,2652,1862,1822,1849,-418,46,-486
132503230335352222,1945,2192,2632,1863,1823,1849,-418,46,-486
132503230335374428,1916,2188,2634,1863,1824,1850,-418,46,-486
132503230335402057,1939,2210,2648,1862,1824,1850,-418,46,-486
132503230335435584,1902,2197,2636,1862,1822,1848,-418,46,-486
132503230335557272,1933,2179,2655,1861,1823,1849,-418,46,-486
132503230335794298,1933,2204,2641,1863,1824,1850,-418,46,-486
132503230335818698,1923,2200,2639,1863,1824,1849,-415,50,-482
132503230336318833,1926,2180,2651,1863,1823,1849,-415,50,-482
132503230336562164,1939,2191,2629,1864,1824,1846,-415,50,-482
132503230336789195,1918,2191,2643,1862,1822,1849,-415,50,-482
132503230336899614,1926,2201,2641,1862,1824,1849,-415,50,-482
132503230336917907,1933,2192,2642,1862,1822,1849,-415,50,-482
132503230337027538,1945,2196,2625,1863,1825,1850,-415,50,-482
132503230337081873,1934,2204,2632,1862,1823,1849,-411,54,-490
132503230337331277,1937,2193,2648,1861,1823,1848,-411,54,-490
132503230337354894,1938,2196,2653,1862,1823,1848,-411,54,-490
132503230337896401,1938,2192,2626,1862,1823,1848,-411,54,-490
132503230337923564,1928,2200,2645,1863,1823,1850,-411,54,-490
132503230337949651,1934,2199,2638,1862,1823,1850,-411,54,-490
132503230338168802,1933,2196,2626,1862,1823,1848,-411,54,-490
132503230338418917,1929,2194,2631,1861,1823,1848,-411,57,-487
132503230338453757,1937,2191,2638,1862,1823,1849,-411,57,-487
132503230338665599,1911,2181,2636,1863,1824,1850,-411,57,-487
132503230338712750,1937,2200,2635,1862,1824,1849,-411,57,-487
132503230338734176,1941,2188,2642,1861,1823,1848,-411,57,-487
132503230338970223,1925,2187,2613,1862,1823,1848,-411,57,-487
132503230339492799,1944,2204,2637,1862,1824,1849,-411,57,-487
132503230339519612,1924,2206,2663,1861,1823,1848,-411,57,-478
132503230339539716,1922,2201,2640,1863,1824,1850,-411,57,-478
132503230339782191,1934,2186,2654,1862,1822,1849,-411,57,-478
132503230340024131,1945,2207,2637,1862,1821,1849,-411,57,-478
132503230340281948,1915,2192,2643,1862,1823,1848,-411,57,-478
132503230340298933,1951,2197,2653,1862,1824,1849,-411,57,-478
132503230340467128,1932,2184,2638,1864,1824,1850,-411,57,-478
132503230340587044,1924,2201,2633,1863,1824,1849,-411,57,-478
132503230340625037,1942,2213,2649,1862,1822,1848,-411,57,-478
132503230340644663,1933,2189,2630,1861,1822,1848,-411,57,-478
132503230340743533,1937,2191,2638,1863,1824,1849,-411,57,-478
132503230340765842,1933,2213,2632,1862,1822,1848,-411,57,-478
132503230340815652,1939,2202,2628,1862,1824,1850,-411,57,-478
132503230340866290,1937,2192,2650,1862,1823,1849,-418,56,-494
132503230340898199,1935,2188,2646,1861,1822,1848,-418,56,-494
132503230341120353,1928,2193,2643,1862,1823,1849,-418,56,-494
132503230341616782,1940,2185,2623,1861,1823,1849,-418,56,-494
132503230341635463,1945,2187,2637,1863,1824,1850,-418,56,-494
132503230341677573,1937,2199,2637,1861,1823,1848,-418,56,-494
132503230341769243,1947,2187,2630,1861,1823,1848,-418,56,-494
132503230341785995,1923,2189,2627,1862,1823,1848,-424,55,-486
132503230341832643,1928,2189,2626,1862,1822,1848,-424,55,-486
132503230341853272,1925,2190,2641,1863,1824,1850,-424,55,-486
132503230341868577,1942,2180,2628,1862,1823,1848,-424,55,-486
132503230341954984,1934,2194,2623,1861,1822,1848,-424,55,-486
132503230342016332,1926,2214,2643,1862,1823,1848,-424,55,-486
132503230342041978,1958,2187,2620,1862,1824,1849,-424,55,-486
132503230342160080,1937,2189,2638,1863,1823,1848,-412,55,-479
132503230342187290,1935,2200,2637,1863,1824,1850,-412,55,-479
132503230342205674,1939,2198,2637,1862,1823,1848,-412,55,-479
132503230342237464,1920,2185,2620,1862,1823,1848,-412,55,-479
132503230342399611,1931,2194,2641,1863,1823,1847,-412,55,-479
132503230342416884,1933,2204,2631,1861,1823,1848,-412,55,-479
132503230342672997,1925,2193,2631,1863,1824,1849,-412,55,-479
132503230342726223,1931,2191,2637,1862,1823,1848,-414,57,-487
132503230342913953,1931,2215,2658,1861,1822,1848,-414,57,-487
132503230343166475,1936,2187,2639,1862,1823,1849,-414,57,-487
132503230343357593,1927,2211,2657,1862,1823,1848,-414,57,-487
132503230343464937,1937,2177,2647,1863,1824,1850,-414,57,-487
132503230343537231,1965,2193,2635,1862,1823,1851,-414,57,-487
132503230343556297,1926,2185,2651,1863,1825,1850,-414,57,-487
132503230343634972,1929,2205,2618,1862,1823,1848,-411,51,-481
132503230343708261,1919,2211,2623,1863,1824,1849,-411,51,-481
132503230343746701,1928,2195,2627,1862,1821,1848,-411,51,-481
132503230343766979,1933,2205,2646,1863,1824,1849,-411,51,-481
132503230343820014,1932,2195,2643,1862,1823,1848,-411,51,-481
132503230344021652,1943,2171,2635,1862,1823,1848,-411,51,-481
132503230344052584,1929,2172,2646,1863,1823,1847,-411,51,-481
132503230344074689,1935,2196,2632,1862,1822,1848,-421,52,-489
132503230344124054,1942,2209,2626,1863,1824,1850,-421,52,-489
132503230344276412,1930,2189,2630,1861,1823,1848,-421,52,-489
132503230344296574,1931,2189,2625,1861,1822,1848,-421,52,-489
132503230344543033,1920,2206,2640,1862,1822,1848,-421,52,-489
132503230344802120,1927,2186,2633,1862,1822,1849,-421,52,-489
132503230344826303,1941,2191,2647,1863,1824,1849,-421,52,-489
132503230345044084,1929,2196,2644,1861,1822,1851,-423,53,-482
132503230345070441,1927,2192,2632,1862,1822,1848,-423,53,-482
132503230345089151,1926,2195,2640,1862,1823,1849,-423,53,-482
132503230345125202,1944,2203,2618,1862,1823,1849,-423,53,-482
132503230345312581,1945,2216,2641,1863,1823,1850,-423,53,-482
132503230345329901,1932,2195,2633,1862,1823,1849,-423,53,-482
132503230345541896,1940,2184,2639,1864,1824,1850,-423,53,-482
132503230345696795,1909,2184,2649,1862,1823,1848,-420,53,-481
132503230345775171,1942,2215,2638,1862,1824,1849,-420,53,-481
132503230345792957,1944,2188,2648,1862,1823,1849,-420,53,-481
132503230345869974,1943,2179,2657,1863,1824,1850,-420,53,-481
132503230345914559,1935,2201,2643,1862,1823,1848,-420,53,-481
132503230345935093,1942,2189,2634,1862,1822,1848,-420,53,-481
132503230345977437,1920,2205,2646,1862,1822,1848,-420,53,-481
132503230346007386,1924,2192,2633,1863,1824,1849,-412,49,-474
132503230346026338,1931,2226,2625,1863,1824,1849,-412,49,-474
132503230346105891,1948,2200,2641,1861,1822,1849,-412,49,-474
132503230346135900,1930,2167,2620,1863,1821,1849,-412,49,-474
132503230346161861,1919,2206,2648,1862,1823,1848,-412,49,-474
132503230346217829,1925,2179,2633,1863,1823,1849,-412,49,-474
132503230346239929,1923,2191,2655,1863,1823,1850,-412,49,-474
132503230346294649,1931,2199,2642,1863,1823,1849,-405,56,-480
132503230346401619,1935,2199,2619,1861,1822,1848,-405,56,-480
132503230346423567,1926,2201,2640,1861,1822,1849,-405,56,-480
132503230346498695,1948,2190,2642,1862,1822,1848,-405,56,-480
132503230346655232,1943,2193,2632,1861,1822,1848,-405,56,-480
132503230346678065,1911,2214,2654,1863,1824,1849,-405,56,-480
132503230346703986,1937,2187,2644,1862,1823,1848,-405,56,-480
132503230346811352,1942,2206,2632,1862,1823,1848,-409,58,-473
132503230346829393,1923,2173,2647,1861,1822,1848,-409,58,-473
132503230346847418,1938,2183,2642,1862,1822,1850,-409,58,-473
132503230346952489,1944,2182,2647,1862,1824,1850,-409,58,-473
132503230346973145,1928,2190,2609,1862,1823,1849,-409,58,-473
132503230347105032,1927,2187,2638,1861,1822,1848,-409,58,-473
132503230347169468,1941,2206,2628,1862,1823,1849,-409,58,-473
132503230347188615,1941,2190,2631,1861,1823,1849,-413,53,-482
132503230347329443,1911,2194,2633,1863,1824,1849,-413,53,-482
132503230347425127,1948,2199,2636,1862,1823,1849,-413,53,-482
132503230347444685,1944,2179,2637,1864,1825,1851,-413,53,-482
132503230347491613,1924,2191,2643,1862,1822,1848,-413,53,-482
132503230347682859,1939,2187,2639,1863,1823,1850,-413,53,-482
132503230347698709,1934,2198,2629,1863,1823,1849,-413,53,-482
132503230347779285,1927,2191,2637,1863,1824,1850,-418,49,-479
132503230347818722,1944,2166,2658,1862,1823,1849,-418,49,-479
132503230347892930,1945,2185,2637,1863,1821,1848,-418,49,-479
132503230347910284,1941,2169,2629,1859,1824,1848,-418,49,-479
132503230347941614,1924,2180,2653,1863,1824,1849,-418,49,-479
132503230347958296,1942,2204,2633,1863,1823,1849,-418,49,-479
132503230348170891,1939,2213,2621,1862,1823,1848,-418,49,-479
132503230348193550,1934,2187,2636,1863,1825,1850,-418,55,-481
132503230348466631,1945,2195,2646,1862,1822,1848,-418,55,-481
132503230348743853,1922,2190,2641,1861,1823,1850,-418,55,-481
132503230349012709,1943,2173,2662,1863,1824,1850,-418,55,-481
132503230349041771,1939,2199,2631,1862,1824,1849,-418,55,-481
132503230349060373,1907,2215,2635,1861,1822,1848,-418,55,-481
132503230349271516,1943,2199,2613,1862,1823,1849,-418,55,-481
132503230349301093,1925,2190,2641,1863,1823,1849,-417,51,-482
132503230349375741,1932,2208,2637,1860,1823,1849,-417,51,-482
132503230349401941,1921,2178,2634,1863,1823,1849,-417,51,-482
132503230349475735,1929,2191,2633,1861,1822,1848,-417,51,-482
132503230349522125,1936,2194,2609,1862,1822,1847,-417,51,-482
132503230349592821,1936,2193,2638,1861,1823,1849,-417,51,-482
132503230349697237,1939,2189,2633,1863,1823,1849,-417,51,-482
132503230349718136,1941,2199,2635,1863,1824,1850,-417,51,-482
132503230349975849,1924,2181,2631,1861,1822,1848,-417,51,-482
132503230350096456,1946,2195,2633,1860,1822,1848,-417,51,-482
132503230350114943,1935,2191,2627,1863,1823,1849,-417,51,-482
132503230350131712,1937,2199,2651,1862,1823,1849,-417,51,-482
132503230350217906,1930,2194,2655,1863,1823,1849,-417,51,-482
132503230350263034,1922,2187,2637,1863,1823,1850,-422,51,-481
132503230350283758,1946,2190,2639,1864,1823,1849,-422,51,-481
132503230350324538,1928,2200,2618,1862,1823,1847,-422,51,-481
132503230350344913,1925,2197,2630,1861,1822,1848,-422,51,-481
132503230350398820,1949,2195,2625,1862,1823,1848,-422,51,-481
132503230350569867,1949,2197,2648,1863,1823,1849,-422,51,-481
132503230350595611,1929,2184,2638,1861,1823,1848,-422,51,-481
132503230350636831,1943,2179,2631,1862,1823,1848,-423,45,-487
132503230351103980,1940,2195,2644,1862,1823,1849,-423,45,-487
132503230351128822,1943,2196,2645,1862,1822,1848,-423,45,-487
132503230351146863,1930,2199,2649,1863,1824,1850,-423,45,-487
132503230351254508,1941,2206,2645,1862,1823,1849,-423,45,-487
132503230351287371,1935,2188,2647,1862,1823,1848,-423,45,-487
132503230351305531,1931,2207,2638,1863,1822,1847,-423,45,-487
132503230351416969,1948,2198,2635,1862,1822,1849,-409,50,-479
132503230351436628,1940,2205,2630,1863,1824,1849,-409,50,-479
132503230351482074,1938,2220,2643,1863,1823,1848,-409,50,-479
132503230351602506,1944,2174,2640,1861,1822,1848,-409,50,-479
132503230351618910,1927,2203,2642,1862,1822,1848,-409,50,-479
132503230351688276,1936,2196,2634,1863,1824,1849,-409,50,-479
132503230352212001,1944,2202,2628,1863,1822,1848,-409,50,-479
132503230352228103,1926,2187,2653,1863,1824,1851,-417,49,-486
132503230352544148,1921,2167,2638,1862,1822,1848,-417,49,-486
132503230352572859,1948,2193,2641,1864,1825,1850,-417,49,-486
132503230352590714,1933,2186,2647,1862,1823,1848,-417,49,-486
132503230352820866,1916,2184,2635,1862,1822,1848,-417,49,-486
132503230353102397,1928,2207,2637,1862,1824,1850,-417,49,-486
132503230353121398,1938,2194,2646,1862,1822,1848,-417,49,-486
132503230353155433,1921,2192,2640,1862,1822,1848,-411,56,-480
132503230353251454,1935,2190,2607,1861,1823,1848,-411,56,-480
132503230353270368,1929,2187,2635,1861,1822,1849,-411,56,-480
132503230353364953,1920,2196,2639,1863,1824,1849,-411,56,-480
132503230353380840,1926,2197,2635,1864,1823,1848,-411,56,-480
132503230353445067,1923,2179,2642,1863,1824,1850,-411,56,-480
132503230353498533,1937,2195,2631,1862,1823,1848,-411,56,-480
132503230353623551,1923,2196,2642,1862,1822,1848,-417,50,-484
132503230353647115,1935,2207,2640,1863,1821,1848,-417,50,-484
132503230353703943,1916,2185,2639,1863,1824,1850,-417,50,-484
132503230353873229,1935,2195,2653,1862,1822,1848,-417,50,-484
132503230353899297,1933,2173,2639,1862,1823,1848,-417,50,-484
132503230354026860,1930,2195,2626,1863,1823,1847,-417,50,-484
132503230354045350,1937,2189,2632,1862,1823,1851,-417,50,-484
132503230354062650,1936,2192,2621,1863,1824,1850,-412,47,-476
132503230354275798,1934,2182,2632,1862,1823,1849,-412,47,-476
132503230354532642,1939,2191,2645,1862,1822,1848,-412,47,-476
132503230354725387,1923,2185,2634,1862,1823,1848,-412,47,-476
132503230354782188,1947,2165,2643,1862,1823,1848,-412,47,-476
132503230354804365,1934,2191,2643,1862,1824,1849,-412,47,-476
132503230354828836,1905,2199,2643,1863,1824,1849,-412,47,-476
132503230354929423,1915,2210,2643,1862,1822,1848,-418,47,-473
132503230354956485,1949,2203,2644,1862,1824,1849,-418,47,-473
132503230355178367,1945,2167,2642,1863,1824,1849,-418,47,-473
132503230355204479,1911,2228,2630,1863,1820,1848,-418,47,-473
132503230355421584,1947,2199,2657,1863,1823,1850,-418,47,-473
132503230355528615,1939,2186,2627,1861,1823,1848,-418,47,-473
132503230355763385,1922,2180,2633,1861,1823,1849,-418,47,-473
132503230355791031,1948,2193,2647,1863,1824,1850,-405,45,-481
132503230356278118,1945,2202,2639,1862,1823,1848,-405,45,-481
132503230356353306,1924,2173,2635,1863,1824,1850,-405,45,-481
132503230356391425,1932,2177,2617,1861,1822,1848,-405,45,-481
132503230356527931,1939,2194,2639,1863,1825,1851,-405,45,-481
132503230356558264,1914,2197,2631,1861,1822,1849,-405,45,-481
132503230356578080,1946,2203,2631,1862,1824,1849,-405,45,-481
132503230356600977,1929,2179,2651,1863,1824,1850,-416,53,-480
132503230356632636,1930,2167,2634,1862,1823,1850,-416,53,-480
132503230356677222,1931,2206,2631,1861,1823,1848,-416,53,-480
132503230356725045,1918,2194,2645,1862,1822,1848,-416,53,-480
132503230356742579,1940,2200,2645,1860,1823,1848,-416,53,-480
132503230356815348,1923,2194,2651,1861,1822,1848,-416,53,-480
132503230357088145,1928,2193,2625,1863,1825,1850,-416,53,-480
132503230357327667,1944,2201,2636,1860,1822,1848,-425,54,-488
132503230357358668,1940,2199,2648,1862,1822,1848,-425,54,-488
132503230357603235,1933,2200,2625,1862,1822,1848,-425,54,-488
132503230357622223,1932,2192,2653,1861,1823,1848,-425,54,-488
132503230357639587,1957,2196,2628,1863,1824,1850,-425,54,-488
132503230357737444,1939,2205,2624,1863,1823,1849,-425,54,-488
132503230357774931,1926,2189,2636,1865,1825,1851,-425,54,-488
132503230357792808,1943,2215,2629,1861,1822,1847,-413,54,-485
132503230357859657,1952,2184,2643,1863,1823,1849,-413,54,-485
132503230357884210,1933,2206,2649,1863,1824,1850,-413,54,-485
132503230357906223,1947,2182,2633,1862,1824,1849,-413,54,-485
132503230357991437,1927,2205,2611,1862,1823,1848,-413,54,-485
132503230358016745,1929,2195,2628,1861,1823,1848,-413,54,-485
132503230358051508,1902,2187,2663,1863,1825,1850,-413,54,-485
132503230358115363,1939,2195,2631,1861,1824,1849,-408,50,-488
132503230358134483,1922,2199,2639,1863,1823,1850,-408,50,-488
132503230358168055,1936,2199,2643,1863,1824,1848,-408,50,-488
132503230358240512,1935,2214,2620,1862,1823,1848,-408,50,-488
132503230358277890,1953,2171,2653,1861,1823,1849,-408,50,-488
132503230358304730,1927,2204,2645,1862,1822,1849,-408,50,-488
132503230358325287,1942,2194,2637,1864,1824,1850,-408,50,-488
132503230358413361,1943,2201,2654,1861,1822,1848,-421,52,-480
132503230358495310,1933,2182,2639,1864,1824,1850,-421,52,-480
132503230358811896,1934,2199,2654,1863,1823,1849,-421,52,-480
132503230358827245,1932,2203,2640,1862,1823,1848,-421,52,-480
132503230359062266,1919,2198,2633,1863,1823,1849,-421,52,-480
132503230359789755,1929,2181,2632,1864,1824,1849,-421,52,-480
132503230359821034,1922,2189,2640,1863,1823,1849,-421,52,-480
132503230360140769,1938,2193,2645,1862,1823,1848,-419,53,-479
132503230360222697,1916,2210,2641,1863,1823,1849,-419,53,-479
132503230360250070,1941,2198,2635,1863,1824,1847,-419,53,-479
132503230360308390,1935,2187,2636,1863,1824,1849,-419,53,-479
132503230360358951,1932,2184,2622,1862,1822,1848,-419,53,-479
132503230360392507,1926,2195,2645,1861,1823,1848,-419,53,-479
132503230360429278,1921,2193,2628,1862,1823,1849,-419,53,-479
132503230360466066,1915,2213,2638,1862,1824,1851,-419,53,-479
132503230360519757,1935,2197,2623,1863,1824,1850,-419,53,-479
132503230360582430,1936,2201,2605,1862,1823,1849,-419,53,-479
132503230360616242,1960,2175,2641,1862,1822,1849,-419,53,-479
132503230360688583,1939,2179,2639,1862,1823,1848,-419,53,-479
132503230360733299,1924,2198,2646,1861,1823,1849,-419,53,-479
132503230360820645,1927,2191,2651,1863,1824,1849,-412,51,-480
132503230360903242,1939,2170,2637,1863,1823,1849,-412,51,-480
132503230360962567,1925,2181,2640,1863,1824,1850,-412,51,-480
132503230360980453,1926,2195,2643,1862,1822,1848,-412,51,-480
132503230361183065,1928,2186,2617,1862,1824,1849,-412,51,-480
132503230361203605,1939,2190,2642,1863,1823,1847,-412,51,-480
132503230361333566,1935,2201,2642,1863,1824,1849,-412,51,-480
132503230361375635,1945,2191,2651,1862,1823,1849,-420,47,-486
132503230361447475,1913,2203,2631,1862,1822,1848,-420,47,-486
132503230361482601,1944,2192,2651,1860,1823,1848,-420,47,-486
132503230361584508,1930,2194,2646,1862,1823,1849,-420,47,-486
132503230361616101,1935,2185,2632,1863,1824,1850,-420,47,-486
132503230361780937,1931,2186,2647,1862,1823,1848,-420,47,-486
132503230361833728,1935,2203,2651,1861,1822,1848,-420,47,-486
132503230361857615,1932,2193,2651,1861,1823,1849,-419,47,-481
132503230361903906,1927,2203,2634,1863,1823,1849,-419,47,-481
132503230362058805,1934,2205,2643,1863,1823,1849,-419,47,-481
132503230362073127,1924,2168,2644,1861,1824,1849,-419,47,-481
132503230362205496,1940,2200,2647,1863,1824,1850,-419,47,-481
132503230362320684,1946,2202,2639,1863,1824,1849,-419,47,-481
132503230362393192,1947,2200,2641,1862,1823,1849,-419,47,-481
132503230362486005,1927,2194,2646,1863,1823,1848,-415,51,-484
132503230362671590,1938,2194,2638,1862,1824,1850,-415,51,-484
132503230362738009,1922,2206,2646,1864,1825,1851,-415,51,-484
132503230362761729,1930,2200,2636,1863,1824,1851,-415,51,-484
132503230362858048,1917,2220,2646,1860,1823,1848,-415,51,-484
132503230363225442,1929,2191,2647,1861,1822,1848,-415,51,-484
132503230363266723,1928,2190,2653,1863,1823,1850,-415,51,-484
132503230363966802,1937,2198,2636,1862,1823,1849,-416,49,-486
132503230364227171,1926,2160,2652,1862,1822,1848,-416,49,-486
132503230364251033,1936,2188,2632,1862,1822,1848,-416,49,-486
132503230364480899,1940,2199,2643,1863,1823,1850,-416,49,-486
132503230364501576,1965,2181,2630,1863,1823,1850,-416,49,-486
132503230364561449,1931,2179,2643,1862,1823,1849,-416,49,-486
132503230364643566,1931,2202,2659,1864,1825,1850,-416,49,-486
132503230364691334,1907,2210,2640,1861,1822,1848,-406,58,-482
132503230364706410,1927,2198,2633,1862,1821,1848,-406,58,-482
132503230364743056,1929,2183,2638,1863,1822,1849,-406,58,-482
132503230364771993,1939,2205,2640,1862,1823,1850,-406,58,-482
132503230364811671,1932,2205,2640,1861,1822,1848,-406,58,-482
132503230364901653,1924,2182,2642,1862,1823,1848,-406,58,-482
132503230364923317,1937,2199,2661,1862,1823,1849,-406,58,-482
132503230364979886,1933,2191,2624,1862,1823,1848,-413,66,-482
132503230365101710,1940,2211,2643,1863,1824,1849,-413,66,-482
132503230365137240,1938,2192,2651,1861,1822,1848,-413,66,-482
132503230365163860,1952,2193,2631,1864,1825,1850,-413,66,-482
132503230365250856,1933,2218,2653,1862,1824,1849,-413,66,-482
132503230365278831,1933,2194,2641,1863,1823,1849,-413,66,-482
132503230365341657,1927,2188,2651,1863,1824,1850,-413,66,-482
132503230365526461,1943,2201,2633,1861,1824,1850,-412,60,-493
132503230365548708,1940,2225,2643,1862,1823,1849,-412,60,-493
132503230365590667,1915,2211,2637,1861,1823,1849,-412,60,-493
132503230365663141,1922,2182,2636,1863,1824,1849,-412,60,-493
132503230365682024,1929,2189,2634,1863,1824,1850,-412,60,-493
132503230365741913,1947,2187,2651,1863,1823,1850,-412,60,-493
132503230365986267,1907,2189,2626,1862,1823,1849,-412,60,-493
132503230366009122,1952,2192,2635,1864,1825,1851,-415,56,-483
132503230366256724,1929,2185,2642,1862,1823,1849,-415,56,-483
132503230366505458,1909,2182,2643,1861,1822,1848,-415,56,-483
132503230366551307,1940,2185,2630,1863,1824,1849,-415,56,-483
132503230366574375,1931,2183,2651,1861,1823,1848,-415,56,-483
132503230366597672,1938,2207,2601,1862,1823,1848,-415,56,-483
132503230367053313,1914,2213,2616,1862,1823,1848,-415,56,-483
132503230367302360,1967,2183,2646,1863,1825,1850,-420,50,-491
132503230367327757,1939,2205,2641,1863,1824,1850,-420,50,-491
132503230367451312,1934,2210,2642,1863,1823,1849,-420,50,-491
132503230367471460,1926,2185,2634,1862,1822,1848,-420,50,-491
132503230367491313,1926,2198,2640,1862,1823,1848,-420,50,-491
132503230367583378,1929,2200,2648,1863,1823,1849,-420,50,-491
132503230367720400,1929,2194,2651,1864,1824,1849,-420,50,-491
132503230367747764,1932,2188,2639,1861,1823,1849,-419,57,-477
132503230367780557,1940,2188,2636,1861,1822,1848,-419,57,-477
132503230367806976,1921,2200,2632,1862,1823,1849,-419,57,-477
132503230367828370,1955,2185,2639,1862,1820,1849,-419,57,-477
132503230367871807,1933,2199,2623,1861,1823,1848,-419,57,-477
132503230367953291,1928,2195,2617,1863,1824,1849,-419,57,-477
132503230368018369,1929,2183,2639,1862,1823,1849,-419,57,-477
132503230368075082,1940,2191,2647,1861,1822,1847,-415,50,-483
132503230368142973,1922,2195,2641,1863,1823,1849,-415,50,-483
132503230368172970,1945,2186,2619,1863,1823,1849,-415,50,-483
132503230368207837,1925,2197,2641,1863,1824,1850,-415,50,-483
132503230368267302,1938,2206,2640,1861,1823,1849,-415,50,-483
132503230368511374,1930,2192,2631,1862,1822,1848,-415,50,-483
132503230368637837,1933,2179,2636,1863,1823,1849,-415,50,-483
132503230368657310,1934,2195,2635,1862,1824,1849,-405,55,-476
132503230368739491,1929,2179,2647,1863,1824,1849,-405,55,-476
132503230368919225,1932,2181,2633,1863,1824,1849,-405,55,-476
132503230368987648,1930,2178,2635,1863,1825,1849,-405,55,-476
132503230369010765,1932,2195,2643,1861,1822,1849,-405,55,-476
132503230369160405,1922,2190,2613,1863,1824,1849,-405,55,-476
132503230369240710,1910,2204,2655,1861,1824,1850,-405,55,-476
132503230369262133,1935,2186,2653,1863,1823,1850,-406,54,-480
132503230369381054,1936,2186,2644,1861,1822,1849,-406,54,-480
132503230369427548,1929,2194,2634,1862,1823,1849,-406,54,-480
132503230369452426,1929,2191,2626,1862,1822,1848,-406,54,-480
132503230369748724,1928,2209,2641,1863,1823,1849,-406,54,-480
132503230369994883,1942,2182,2629,1863,1824,1850,-406,54,-480
132503230370031552,1933,2186,2637,1862,1824,1849,-406,54,-480
132503230370797987,1927,2205,2643,1862,1822,1849,-412,56,-478
132503230370821497,1935,2178,2637,1861,1823,1848,-412,56,-478
132503230371090001,1935,2206,2614,1862,1824,1850,-412,56,-478
132503230371578845,1930,2175,2632,1862,1821,1848,-412,56,-478
132503230371614514,1930,2170,2650,1863,1824,1850,-412,56,-478
132503230371637395,1939,2180,2638,1861,1823,1849,-412,56,-478
132503230371702881,1920,2196,2657,1862,1823,1849,-412,56,-478
132503230371722898,1935,2183,2629,1863,1823,1849,-412,56,-478
132503230371849234,1929,2188,2631,1861,1823,1849,-412,56,-478
132503230371876655,1929,2192,2628,1863,1824,1850,-412,56,-478
132503230371894333,1939,2200,2620,1862,1822,1849,-412,56,-478
132503230371929227,1914,2194,2644,1864,1825,1851,-412,56,-478
132503230371976322,1924,2222,2620,1862,1822,1849,-412,56,-478
132503230372030955,1935,2181,2635,1863,1823,1850,-412,53,-483
132503230372180069,1936,2187,2634,1863,1824,1850,-412,53,-483
132503230372237704,1956,2200,2635,1862,1822,1850,-412,53,-483
132503230372260244,1947,2191,2633,1861,1822,1848,-412,53,-483
132503230372365804,1948,2173,2641,1862,1823,1848,-412,53,-483
132503230372417924,1916,2186,2640,1861,1823,1850,-412,53,-483
132503230372454099,1939,2190,2630,1863,1824,1848,-412,53,-483
132503230372526767,1912,2209,2641,1862,1823,1850,-409,47,-483
132503230372662423,1940,2203,2618,1862,1823,1849,-409,47,-483
132503230372688222,1918,2192,2642,1863,1825,1851,-409,47,-483
132503230372740763,1925,2208,2650,1863,1823,1849,-409,47,-483
132503230372849272,1947,2183,2640,1862,1823,1849,-409,47,-483
132503230372929090,1932,2199,2631,1863,1823,1851,-409,47,-483
132503230372946603,1928,2207,2636,1861,1823,1848,-409,47,-483
132503230373021134,1950,2196,2641,1864,1824,1850,-411,47,-479
132503230373188523,1932,2187,2630,1860,1823,1848,-411,47,-479
132503230373242456,1952,2191,2629,1862,1823,1848,-411,47,-479
132503230373256378,1949,2194,2645,1863,1824,1850,-411,47,-479
132503230373352219,1930,2200,2625,1862,1822,1849,-411,47,-479
132503230373392177,1930,2183,2651,1863,1825,1851,-411,47,-479
132503230373427446,1941,2203,2639,1861,1822,1848,-411,47,-479
132503230373446311,1932,2177,2645,1862,1823,1850,-419,56,-478
132503230373519568,1919,2210,2641,1863,1824,1850,-419,56,-478
132503230373574442,1934,2192,2634,1863,1823,1849,-419,56,-478
132503230373664542,1937,2179,2639,1864,1824,1850,-419,56,-478
132503230373747092,1913,2204,2627,1862,1822,1848,-419,56,-478
132503230373840722,1935,2202,2645,1862,1824,1850,-419,56,-478
132503230374097268,1930,2180,2642,1863,1822,1848,-419,56,-478
132503230374130423,1929,2201,2647,1863,1824,1850,-411,57,-480
132503230374358445,1931,2185,2644,1863,1824,1850,-411,57,-480
132503230374834582,1917,2191,2642,1862,1822,1848,-411,57,-480
132503230375082520,1915,2198,2644,1862,1823,1848,-411,57,-480
132503230375330341,1922,2194,2633,1862,1822,1848,-411,57,-480
132503230375584761,1935,2200,2658,1863,1824,1850,-411,57,-480
132503230375612144,1917,2206,2636,1860,1822,1849,-411,57,-480
132503230375657920,1922,2197,2646,1862,1822,1848,-411,58,-475
132503230375757220,1940,2179,2640,1862,1823,1849,-411,58,-475
132503230375841532,1931,2187,2629,1863,1824,1850,-411,58,-475
132503230375856269,1925,2213,2638,1861,1823,1849,-411,58,-475
132503230375893500,1929,2194,2652,1863,1823,1850,-411,58,-475
132503230375919147,1934,2206,2643,1862,1822,1848,-411,58,-475
132503230375947352,1925,2200,2630,1861,1823,1849,-411,58,-475
132503230375974434,1925,2185,2624,1861,1823,1850,-419,46,-485
132503230376080138,1930,2182,2623,1861,1822,1849,-419,46,-485
132503230376103560,1940,2207,2642,1863,1823,1850,-419,46,-485
132503230376153014,1939,2201,2642,1861,1823,1849,-419,46,-485
132503230376185969,1951,2195,2628,1862,1822,1848,-419,46,-485
132503230376213570,1920,2191,2640,1862,1824,1849,-419,46,-485
132503230376309862,1929,2186,2647,1862,1822,1848,-419,46,-485
132503230376552312,1926,2185,2633,1863,1824,1849,-407,58,-481
132503230376583892,1935,2204,2641,1862,1823,1849,-407,58,-481
132503230376767348,1942,2199,2650,1864,1824,1850,-407,58,-481
132503230376787125,1922,2212,2638,1861,1821,1848,-407,58,-481
132503230376823122,1947,2171,2633,1861,1822,1848,-407,58,-481
132503230376990537,1924,2195,2622,1863,1824,1849,-407,58,-481
132503230377025476,1910,2198,2648,1861,1822,1849,-407,58,-481
132503230377045051,1925,2183,2633,1862,1822,1849,-416,52,-489
132503230377164514,1935,2173,2645,1863,1825,1850,-416,52,-489
132503230377184729,1923,2189,2655,1861,1823,1848,-416,52,-489
132503230377230536,1940,2196,2646,1861,1822,1849,-416,52,-489
132503230377419872,1937,2181,2647,1863,1824,1850,-416,52,-489
132503230377462202,1932,2185,2630,1862,1822,1848,-416,52,-489
132503230377478220,1937,2192,2644,1862,1823,1849,-416,52,-489
132503230377601446,1935,2189,2636,1861,1822,1848,-420,56,-487
132503230377618625,1936,2187,2632,1861,1822,1848,-420,56,-487
132503230377864693,1919,2224,2639,1863,1824,1850,-420,56,-487
132503230378151369,1954,2202,2643,1861,1823,1849,-420,56,-487
132503230378184103,1942,2182,2644,1863,1825,1850,-420,56,-487
132503230378222949,1937,2190,2651,1862,1823,1848,-420,56,-487
132503230378259213,1930,2192,2651,1863,1824,1851,-420,56,-487
132503230378434723,1915,2197,2632,1862,1823,1847,-415,56,-484
132503230378640839,1929,2187,2630,1863,1823,1850,-415,56,-484
132503230378698849,1931,2198,2660,1862,1822,1848,-415,56,-484
132503230378720301,1937,2195,2636,1861,1823,1848,-415,56,-484
132503230378781192,1926,2202,2639,1861,1823,1848,-415,56,-484
132503230378829180,1935,2194,2639,1859,1822,1849,-415,56,-484
132503230378908131,1935,2203,2633,1864,1825,1850,-415,56,-484
132503230378942642,1925,2173,2641,1861,1823,1848,-413,49,-483
132503230379004550,1927,2202,2641,1862,1823,1848,-413,49,-483
132503230379184559,1942,2194,2652,1862,1823,1849,-413,49,-483
132503230379205206,1936,2202,2631,1861,1823,1849,-413,49,-483
132503230379296900,1929,2204,2620,1863,1824,1850,-413,49,-483
132503230379375489,1936,2198,2633,1862,1824,1849,-413,49,-483
132503230379438613,1927,2195,2651,1863,1823,1849,-413,49,-483
132503230379497577,1932,2199,2639,1861,1823,1848,-414,49,-479
132503230379559388,1929,2183,2629,1862,1823,1849,-414,49,-479
132503230379715784,1938,2179,2639,1863,1823,1846,-414,49,-479
132503230379755886,1934,2195,2645,1863,1824,1849,-414,49,-479
132503230379875259,1923,2197,2627,1861,1822,1848,-414,49,-479
132503230379914778,1941,2182,2637,1862,1823,1848,-414,49,-479
132503230379994607,1927,2196,2637,1863,1823,1850,-414,49,-479
132503230380183606,1917,2198,2635,1861,1823,1848,-414,51,-478
132503230380214132,1908,2200,2644,1863,1824,1850,-414,51,-478
132503230380440884,1931,2201,2626,1862,1823,1848,-414,51,-478
132503230380625427,1936,2214,2631,1862,1822,1849,-414,51,-478
132503230380644265,1924,2187,2635,1861,1823,1848,-414,51,-478
132503230380758610,1924,2185,2641,1862,1822,1848,-414,51,-478
132503230380842730,1931,2196,2639,1863,1824,1850,-414,51,-478
132503230380862651,1941,2200,2640,1861,1822,1849,-410,53,-487
132503230380897236,1916,2198,2625,1861,1822,1849,-410,53,-487
132503230381012071,1939,2199,2632,1862,1823,1848,-410,53,-487
132503230381037572,1912,2211,2651,1862,1822,1849,-410,53,-487
132503230381105120,1936,2201,2624,1863,1824,1850,-410,53,-487
132503230381283779,1907,2203,2656,1862,1823,1850,-410,53,-487
132503230381324704,1945,2189,2631,1864,1824,1848,-410,53,-487
132503230381544133,1931,2191,2634,1862,1823,1849,-410,53,-487
132503230382056720,1932,2191,2620,1862,1822,1848,-410,53,-487
132503230382079574,1943,2174,2641,1861,1822,1849,-410,53,-487
132503230382330397,1929,2167,2644,1863,1824,1849,-410,53,-487
132503230382529792,1940,2190,2602,1861,1822,1848,-410,53,-487
132503230382574320,1926,2203,2628,1861,1823,1848,-410,53,-487
132503230382595565,1930,2175,2621,1862,1822,1848,-415,54,-492
132503230382630319,1942,2220,2634,1863,1824,1850,-415,54,-492
132503230382657921,1939,2227,2632,1863,1824,1850,-415,54,-492
132503230382680879,1926,2180,2624,1862,1822,1849,-415,54,-492
132503230382701237,1923,2171,2645,1862,1822,1848,-415,54,-492
132503230382722180,1922,2220,2641,1862,1823,1848,-415,54,-492
132503230382760229,1930,2197,2626,1863,1823,1849,-415,54,-492
132503230382799781,1924,2189,2646,1863,1823,1849,-421,56,-481
132503230383057006,1919,2207,2618,1862,1823,1849,-421,56,-481
132503230383175834,1931,2195,2648,1861,1823,1848,-421,56,-481
132503230383371016,1945,2204,2628,1862,1823,1848,-421,56,-481
132503230383392954,1937,2188,2628,1862,1822,1848,-421,56,-481
132503230383421163,1923,2189,2641,1861,1822,1847,-421,56,-481
132503230383444305,1924,2189,2632,1863,1824,1849,-421,56,-481
132503230383482463,1932,2213,2632,1862,1823,1850,-412,54,-493
132503230383516622,1913,2187,2631,1862,1823,1848,-412,54,-493
132503230383607882,1928,2180,2633,1862,1823,1850,-412,54,-493
132503230383631034,1927,2193,2649,1862,1823,1849,-412,54,-493
132503230383917287,1930,2210,2629,1863,1824,1849,-412,54,-493
132503230383942325,1946,2174,2638,1862,1823,1848,-412,54,-493
132503230383971876,1917,2203,2615,1861,1823,1848,-412,54,-493
132503230384044216,1925,2179,2634,1861,1823,1848,-412,63,-474
132503230384126123,1939,2199,2624,1862,1823,1848,-412,63,-474
132503230384277467,1953,2210,2642,1863,1823,1849,-412,63,-474
132503230384540474,1929,2178,2655,1863,1824,1849,-412,63,-474
132503230384687021,1942,2196,2626,1862,1822,1848,-412,63,-474
132503230384706007,1946,2200,2639,1862,1823,1848,-412,63,-474
132503230384728694,1934,2172,2655,1862,1824,1849,-412,63,-474
132503230384756267,1920,2194,2645,1863,1821,1848,-419,60,-485
132503230384834105,1915,2196,2628,1862,1823,1849,-419,60,-485
132503230384934493,1938,2213,2641,1861,1823,1848,-419,60,-485
132503230385186191,1924,2196,2654,1861,1823,1848,-419,60,-485
132503230385688024,1929,2198,2605,1863,1820,1849,-419,60,-485
132503230385933062,1912,2199,2628,1863,1823,1850,-419,60,-485
132503230385972295,1943,2186,2627,1863,1824,1850,-419,60,-485
132503230386186785,1928,2187,2634,1862,1822,1849,-420,49,-483
132503230386239222,1935,2200,2639,1862,1823,1848,-420,49,-483
132503230386284084,1917,2183,2637,1862,1822,1849,-420,49,-483
132503230386337635,1940,2192,2638,1863,1823,1849,-420,49,-483
132503230386392336,1943,2207,2641,1863,1824,1849,-420,49,-483
132503230386466776,1938,2199,2646,1863,1823,1850,-420,49,-483
132503230386525310,1933,2202,2623,1861,1822,1848,-420,49,-483
132503230386558303,1939,2183,2622,1864,1824,1851,-419,53,-478
132503230386641029,1913,2194,2659,1860,1823,1848,-419,53,-478
132503230386750324,1949,2203,2641,1862,1821,1848,-419,53,-478
132503230386801926,1933,2184,2632,1863,1823,1849,-419,53,-478
132503230386916954,1931,2187,2634,1862,1823,1849,-419,53,-478
132503230386974017,1934,2173,2651,1862,1822,1848,-419,53,-478
132503230387056196,1926,2212,2638,1863,1823,1849,-419,53,-478
132503230387092263,1925,2193,2651,1861,1823,1848,-421,60,-482
132503230387156716,1930,2206,2626,1863,1824,1850,-421,60,-482
132503230387215269,1919,2211,2629,1862,1823,1849,-421,60,-482
132503230387342007,1915,2174,2660,1862,1823,1848,-421,60,-482
132503230387422038,1937,2195,2629,1862,1823,1848,-421,60,-482
132503230387466929,1938,2203,2644,1862,1822,1849,-421,60,-482
132503230387487978,1942,2198,2628,1864,1824,1849,-421,60,-482
132503230387569905,1932,2183,2632,1863,1823,1849,-415,55,-482
132503230387593428,1924,2196,2641,1861,1823,1849,-415,55,-482
132503230387652990,1944,2204,2641,1861,1822,1848,-415,55,-482
132503230387922353,1927,2191,2637,1862,1824,1849,-415,55,-482
132503230388171522,1944,2184,2640,1861,1824,1849,-415,55,-482
132503230388189671,1918,2199,2631,1863,1823,1850,-415,55,-482
132503230388279088,1933,2196,2630,1862,1823,1849,-415,55,-482
132503230388336341,1934,2194,2650,1862,1822,1848,-415,50,-491
132503230388355334,1936,2203,2629,1862,1822,1848,-415,50,-491
132503230388492136,1908,2203,2646,1862,1823,1849,-415,50,-491
132503230388579036,1935,2191,2639,1863,1824,1850,-415,50,-491
132503230388603047,1936,2195,2630,1862,1823,1849,-415,50,-491
132503230388829263,1927,2180,2618,1862,1823,1848,-415,50,-491
132503230388846990,1943,2181,2624,1861,1823,1849,-415,50,-491
132503230389148542,1924,2189,2626,1863,1824,1850,-404,52,-479
132503230389633658,1931,2201,2623,1863,1824,1850,-404,52,-479
132503230389876672,1929,2203,2634,1864,1824,1850,-404,52,-479
132503230389902792,1945,2188,2627,1861,1823,1849,-404,52,-479
132503230390070172,1916,2200,2624,1861,1823,1848,-404,52,-479
132503230390088260,1941,2196,2633,1863,1823,1849,-404,52,-479
132503230390193981,1925,2204,2644,1862,1823,1850,-404,52,-479
132503230390277011,1934,2196,2630,1861,1823,1850,-410,49,-483
132503230390312605,1930,2178,2641,1862,1823,1848,-410,49,-483
132503230390336218,1924,2185,2634,1862,1823,1848,-410,49,-483
132503230390436854,1933,2191,2633,1862,1823,1850,-410,49,-483
132503230390454499,1932,2191,2638,1861,1823,1849,-410,49,-483
132503230390554407,1947,2199,2650,1863,1823,1850,-410,49,-483
132503230390788366,1928,2213,2626,1863,1823,1849,-410,49,-483
132503230390806345,1931,2176,2631,1861,1822,1849,-407,53,-487
132503230391054236,1937,2201,2643,1862,1823,1848,-407,53,-487
132503230391305727,1939,2177,2646,1862,1822,1848,-407,53,-487
132503230391546719,1918,2203,2643,1863,1824,1850,-407,53,-487
132503230391566240,1946,2187,2632,1863,1824,1849,-407,53,-487
132503230391624353,1958,2193,2647,1862,1822,1848,-407,53,-487
132503230391705037,1932,2188,2626,1862,1823,1849,-407,53,-487
132503230391755850,1937,2193,2653,1862,1823,1848,-412,47,-479
132503230391802556,1943,2176,2640,1862,1822,1848,-412,47,-479
132503230391853152,1930,2193,2638,1862,1824,1850,-412,47,-479
132503230391967639,1930,2203,2623,1861,1822,1849,-412,47,-479
132503230391990521,1937,2201,2636,1861,1823,1848,-412,47,-479
132503230392161286,1927,2201,2658,1860,1823,1848,-412,47,-479
132503230392254870,1942,2191,2635,1862,1823,1849,-412,47,-479
132503230392286420,1931,2190,2621,1863,1824,1850,-412,47,-479
132503230392330956,1935,2187,2622,1861,1822,1848,-412,47,-479
132503230392562562,1934,2192,2645,1861,1822,1849,-412,47,-479
132503230392585483,1922,2195,2637,1863,1824,1850,-412,47,-479
132503230393074958,1930,2175,2634,1863,1823,1849,-412,47,-479
132503230393296193,1936,2194,2631,1862,1824,1850,-412,47,-479
132503230393321240,1942,2211,2650,1863,1823,1850,-421,47,-475
132503230393342424,1928,2182,2637,1862,1823,1848,-421,47,-475
132503230393441987,1967,2177,2635,1862,1822,1848,-421,47,-475
132503230393495475,1925,2207,2639,1862,1823,1850,-421,47,-475
132503230393555945,1943,2197,2640,1863,1823,1848,-421,47,-475
132503230393628288,1928,2215,2633,1863,1824,1849,-421,47,-475
132503230393654191,1930,2189,2625,1864,1824,1847,-421,47,-475
132503230393723480,1939,2189,2636,1861,1823,1848,-416,51,-492
132503230393744876,1921,2193,2642,1863,1821,1849,-416,51,-492
132503230393880576,1927,2186,2643,1861,1822,1848,-416,51,-492
132503230393945254,1921,2200,2638,1863,1824,1850,-416,51,-492
132503230394042619,1933,2191,2643,1861,1822,1848,-416,51,-492
132503230394091542,1929,2196,2636,1861,1823,1848,-416,51,-492
132503230394186463,1926,2176,2631,1862,1823,1849,-416,51,-492
132503230394321333,1930,2203,2627,1862,1823,1848,-415,59,-488
132503230394376572,1932,2204,2641,1863,1824,1850,-415,59,-488
132503230394416749,1925,2182,2641,1863,1824,1849,-415,59,-488
132503230394475865,1925,2173,2640,1861,1823,1849,-415,59,-488
132503230394495241,1951,2193,2626,1862,1822,1848,-415,59,-488
132503230394607982,1928,2185,2647,1862,1823,1849,-415,59,-488
132503230394655480,1941,2179,2619,1863,1824,1850,-415,59,-488
132503230394688398,1947,2203,2617,1863,1824,1850,-417,53,-478
132503230394816540,1939,2197,2609,1861,1822,1848,-417,53,-478
132503230394836541,1932,2183,2644,1862,1823,1849,-417,53,-478
132503230394855315,1951,2201,2630,1863,1823,1849,-417,53,-478
132503230395045804,1936,2182,2650,1862,1823,1849,-417,53,-478
132503230395128458,1931,2184,2632,1863,1823,1850,-417,53,-478
132503230395175107,1922,2192,2633,1862,1823,1847,-417,53,-478
132503230395240920,1929,2192,2648,1861,1823,1848,-418,52,-484
132503230395261378,1927,2189,2629,1863,1824,1850,-418,52,-484
132503230395309218,1927,2199,2655,1862,1823,1849,-418,52,-484
132503230395405879,1934,2192,2643,1863,1824,1850,-418,52,-484
132503230395429799,1928,2194,2643,1861,1824,1850,-418,52,-484
132503230395481484,1935,2177,2645,1862,1823,1848,-418,52,-484
132503230395776679,1931,2204,2639,1861,1823,1848,-418,52,-484
132503230395804265,1931,2185,2636,1863,1823,1850,-417,52,-483
132503230395827732,1925,2195,2643,1863,1822,1849,-417,52,-483
132503230396054593,1934,2191,2634,1862,1823,1850,-417,52,-483
132503230396301522,1928,2188,2636,1862,1822,1848,-417,52,-483
132503230396337281,1923,2175,2654,1863,1824,1850,-417,52,-483
132503230396564116,1941,2184,2656,1863,1824,1850,-417,52,-483
132503230396833527,1947,2188,2630,1863,1824,1849,-417,52,-483
132503230396865741,1926,2179,2646,1863,1824,1849,-412,59,-478
132503230397303003,1903,2240,2639,1862,1822,1848,-412,59,-478
132503230397322094,1937,2196,2635,1861,1823,1849,-412,59,-478
132503230397468968,1959,2199,2634,1861,1822,1848,-412,59,-478
132503230397502389,1936,2198,2632,1862,1822,1848,-412,59,-478
132503230397580776,1940,2172,2633,1863,1824,1850,-412,59,-478
132503230397627079,1948,2189,2628,1862,1824,1850,-412,59,-478
132503230397743308,1935,2214,2651,1862,1823,1849,-421,50,-488
132503230397765420,1938,2180,2645,1862,1823,1849,-421,50,-488
132503230397903732,1918,2191,2637,1863,1822,1849,-421,50,-488
132503230397954064,1906,2213,2637,1863,1823,1850,-421,50,-488
132503230398031425,1942,2196,2635,1863,1823,1850,-421,50,-488
132503230398077630,1931,2195,2627,1861,1822,1848,-421,50,-488
132503230398207722,1925,2176,2646,1861,1822,1848,-421,50,-488
132503230398328776,1935,2219,2644,1862,1823,1849,-409,52,-484
132503230398338793,1939,2190,2655,1861,1822,1848,-409,52,-484
132503230398355245,1923,2187,2626,1863,1823,1850,-409,52,-484
132503230398491455,1943,2182,2619,1863,1823,1849,-409,52,-484
132503230398565469,1925,2183,2631,1862,1822,1849,-409,52,-484
132503230398570568,1923,2192,2619,1861,1823,1849,-409,52,-484
