,state,action,reward,next_state,distribution
0,"[-0.003478239756077528, -0.012015679851174355, 0.010171297937631607, 0.0010335042607039213, 2.0004624445846275e-07, 0.028906356543302536, 0.11090956628322601, -0.05891481786966324, 3.554258910298813e-06, 0.10000377148389816, 0.00301262061111629]",8,-0.42698609118732833,"[-0.0022174010232802743, -0.011530843989111972, 0.00967527602660656, 0.0010302021636370284, 0.19800020116281836, 0.025152330527976094, 0.10972316959363049, -0.05638465511120039, 9.25479999039358e-06, 0.10002745692898429, 0.002606576866280186]","[0.09580725431442261, 0.10639628022909164, 0.10379748791456223, 0.09391990303993225, 0.10171527415513992, 0.09931795299053192, 0.09319589287042618, 0.10067625343799591, 0.10456033796072006, 0.10061334073543549]"
1,"[-0.0022174010518938303, -0.011530843563377857, 0.009675276465713978, 0.0010302021401003003, 0.1980002075433731, 0.025152331218123436, 0.10972317308187485, -0.05638465657830238, 9.254799806512892e-06, 0.10002745687961578, 0.0026065767742693424]",4,-0.3956179182670814,"[-0.00200473641667287, -0.05430683358482735, 0.1940742908430675, 0.0008065052969632447, 0.19800021470898432, 0.022966614923956616, 0.09508985866065944, -0.05077605132212626, 9.250910934913148e-06, 0.10002744764610064, 0.002606650983526415]","[0.09657081216573715, 0.10658778250217438, 0.10430464893579483, 0.0931469053030014, 0.10168791562318802, 0.10003969073295593, 0.09267226606607437, 0.10048188269138336, 0.10461308807134628, 0.09989503026008606]"
2,"[-0.0020047363359481096, -0.05430683493614197, 0.19407428801059723, 0.0008065052679739892, 0.1980002075433731, 0.022966613993048668, 0.0950898602604866, -0.05077604949474335, 9.250910807168111e-06, 0.10002744942903519, 0.002606651047244668]",8,-0.38936767662776817,"[-0.0006175268047048377, -0.05306230991937344, 0.19871832957683733, -0.000134570187447558, 0.397500262346389, 0.020122630289787988, 0.09308390153988316, -0.04897986127441056, 9.24654937764502e-06, 0.10002743702251485, 0.0026164386516637217]","[0.09620587527751923, 0.10693100094795227, 0.10416264832019806, 0.09335652738809586, 0.10126520693302155, 0.10080095380544662, 0.0929497480392456, 0.10054729133844376, 0.10399356484413147, 0.09978719055652618]"
3,"[-0.0006175268208608031, -0.053062308579683304, 0.19871832430362701, -0.0001345701894024387, 0.39750027656555176, 0.020122630521655083, 0.09308390319347382, -0.04897985979914665, 9.24654978007311e-06, 0.10002743452787399, 0.0026164385490119457]",4,-0.35935489890473105,"[-0.0005570427685963608, -0.09651258319885869, 0.38197680458218475, 6.478408227650334e-05, 0.39750030798316516, 0.019922887698148248, 0.07773467721921318, -0.04516681034195591, 9.24654937764502e-06, 0.10002743702251485, 0.0026164386516637217]","[0.09738129377365112, 0.10694330185651779, 0.10385037213563919, 0.0929626077413559, 0.10106974095106125, 0.10154549032449722, 0.09277766197919846, 0.10111290961503983, 0.10360123217105865, 0.09875542670488358]"
4,"[-0.0005570427747443318, -0.09651258587837219, 0.38197681307792664, 6.478407885879278e-05, 0.39750030636787415, 0.019922887906432152, 0.07773467898368835, -0.04516680911183357, 9.24654978007311e-06, 0.10002743452787399, 0.0026164385490119457]",4,-0.3310366154642181,"[-0.0006577081684522312, -0.15300112719145353, 0.5615417483785228, -0.00024907810667151864, 0.39750043186483897, 0.026197023571436558, 0.07555967269421654, -0.042660694655125786, 0.0013704308068108878, 0.09154565198732281, 0.002347685881615158]","[0.09728608280420303, 0.10725107789039612, 0.10319610685110092, 0.0928313210606575, 0.10041574388742447, 0.1024157702922821, 0.09357927739620209, 0.10158934444189072, 0.10273807495832443, 0.09869728237390518]"
5,"[-0.0006577081512659788, -0.15300112962722778, 0.561541736125946, -0.00024907811894081533, 0.3975004255771637, 0.026197023689746857, 0.07555967569351196, -0.04266069456934929, 0.001370430807583034, 0.09154564887285233, 0.0023476858623325825]",3,-0.33247839434544135,"[0.0005362265329145188, -0.15649614133159062, 0.5741075786809571, -0.0024102474852263356, 0.397500524806806, 0.03402034593187891, 0.08304236811097587, -0.042370900584327575, 0.0016816268655343303, 0.08627630284251495, 0.0026164386516819294]","[0.09705203771591187, 0.10737642645835876, 0.102430559694767, 0.09268192946910858, 0.09980256855487823, 0.1027323380112648, 0.09473492950201035, 0.10201236605644226, 0.10248720645904541, 0.09868966788053513]"
6,"[0.0005362265510484576, -0.15649613738059998, 0.5741075873374939, -0.0024102474562823772, 0.39750051498413086, 0.03402034565806389, 0.08304236829280853, -0.04237090051174164, 0.0016816268907859921, 0.08627630025148392, 0.0026164385490119457]",2,-0.313739854255541,"[0.0007758256503773708, -0.09344675448144102, 0.5586966571488263, -0.002558309713336371, 0.3975005779209555, 0.038434477629889885, 0.07244817661369263, -0.03675492582131712, 0.0016816198519580133, 0.08627629528333444, 0.0026164386516819294]","[0.09702718257904053, 0.10733567923307419, 0.10235584527254105, 0.09274429082870483, 0.0997830182313919, 0.1026807576417923, 0.09476157277822495, 0.10205128788948059, 0.10254321992397308, 0.09871715307235718]"
7,"[0.0007758256397210062, -0.0934467539191246, 0.5586966276168823, -0.002558309817686677, 0.39750057458877563, 0.038434479385614395, 0.07244817912578583, -0.036754924803972244, 0.0016816199058666825, 0.08627629280090332, 0.0026164385490119457]",9,-0.31907305521780494,"[-0.0009435058417910369, -0.09413414711256962, 0.5608376530296031, 0.005724184868240556, 0.20035711225143338, 0.04181031461758213, 0.07414545156094271, -0.039384471252894904, 0.0013885567734944065, 0.08544586584851824, 0.0026066509833797546]","[0.09690378606319427, 0.10735195875167847, 0.10232014209032059, 0.09272188693284988, 0.09987359493970871, 0.10269127041101456, 0.09462717920541763, 0.10200761258602142, 0.1026492789387703, 0.09885333478450775]"
8,"[-0.0009435058454982936, -0.0941341444849968, 0.5608376264572144, 0.0057241846807301044, 0.2003571093082428, 0.04181031510233879, 0.07414545118808746, -0.039384473115205765, 0.0013885567896068096, 0.08544586598873138, 0.002606651047244668]",1,-0.3284985295415579,"[-0.08240863668557719, -0.09315884330617319, 0.5677179142027056, -0.009280877452587433, 0.20035721141581941, 0.032041755536188085, 0.07592442436660979, -0.053960598937405124, 0.0013885447929470607, 0.08544585385050704, 0.002616438651691144]","[0.09605937451124191, 0.10696001350879669, 0.1026759147644043, 0.0931873694062233, 0.09989004582166672, 0.10213924199342728, 0.0944589227437973, 0.10127095878124237, 0.10376065969467163, 0.09959742426872253]"
9,"[-0.08240863680839539, -0.09315884113311768, 0.5677179098129272, -0.009280877187848091, 0.20035721361637115, 0.0320417545735836, 0.07592442631721497, -0.05396059900522232, 0.0013885447988286614, 0.08544585108757019, 0.0026164385490119457]",1,-0.3517298056872743,"[-0.17617272981559395, -0.09224889761139199, 0.5750730394902712, -0.023956651925564287, 0.20035732849334398, 0.021819076464000955, 0.07680801392210063, -0.07583325463586754, 0.0013885385388548027, 0.0854458475496391, 0.002616438651691144]","[0.09599748998880386, 0.10686949640512466, 0.10264604538679123, 0.09347254782915115, 0.09981007874011993, 0.10221665352582932, 0.09446185827255249, 0.10123168677091599, 0.1041751280426979, 0.09911901503801346]"
10,"[-0.17617273330688477, -0.09224889427423477, 0.5750730633735657, -0.023956652730703354, 0.2003573328256607, 0.02181907556951046, 0.07680801302194595, -0.07583325356245041, 0.0013885385124012828, 0.08544585108757019, 0.0026164385490119457]",4,-0.3340920388184878,"[-0.17659376082714573, -0.16096278305261702, 0.7536147011830474, -0.021102798334558415, 0.20036580982437702, 0.02647141001720548, 0.06891285534504388, -0.07630977317456722, 0.004759325025559341, 0.0820961214282164, 0.001523625144415175]","[0.09585964679718018, 0.1068066954612732, 0.10254377871751785, 0.09392230957746506, 0.09971331059932709, 0.10218959301710129, 0.09448421001434326, 0.10125371813774109, 0.10451283305883408, 0.0987139493227005]"
11,"[-0.17659376561641693, -0.1609627902507782, 0.7536147236824036, -0.021102799102663994, 0.20036581158638, 0.02647140994668007, 0.06891285628080368, -0.07630977034568787, 0.0047593251802027225, 0.08209612220525742, 0.0015236251056194305]",8,-0.3285699720823768,"[-0.17546229560846616, -0.16028126832968592, 0.7551573232735374, -0.02298016105650369, 0.40036591701411606, 0.030915139855553858, 0.07456270334814841, -0.0772898458848329, 0.0035026672272275294, 0.07656758734367783, 0.0024561959168809544]","[0.0954374223947525, 0.10661845654249191, 0.10219419747591019, 0.09361313283443451, 0.09884500503540039, 0.10260144621133804, 0.09534148871898651, 0.10203763097524643, 0.1042964905500412, 0.0990147516131401]"
12,"[-0.1754622906446457, -0.16028127074241638, 0.7551573514938354, -0.022980161011219025, 0.4003659188747406, 0.030915139243006706, 0.07456270605325699, -0.07728984951972961, 0.0035026671830564737, 0.07656759023666382, 0.0024561958853155375]",0,-0.3035223459733706,"[-0.05006526571805292, -0.15984331377168992, 0.7521705875575035, 0.00475892841857295, 0.4003660795011168, 0.04511857755895325, 0.07258769626394768, -0.05197706887531772, 0.003723515026088836, 0.07601710108809975, 0.0026164386521146943]","[0.09646844118833542, 0.10680242627859116, 0.1019040197134018, 0.09306862205266953, 0.09892399609088898, 0.10308665782213211, 0.09570187330245972, 0.10253022611141205, 0.10326220095157623, 0.09825155138969421]"
13,"[-0.050065264105796814, -0.159843310713768, 0.7521705627441406, 0.004758928436785936, 0.40036606788635254, 0.045118577778339386, 0.07258769869804382, -0.051977068185806274, 0.0037235149648040533, 0.0760171040892601, 0.0026164385490119457]",1,-0.30589741084738326,"[-0.09318140807487207, -0.1586533635558114, 0.7588113302204906, -0.015144187152954736, 0.4003660566970222, 0.041145580477680854, 0.07303619058744865, -0.05646978186507157, 0.0037235119174544307, 0.07601709971236406, 0.0026066509832435303]","[0.0965438187122345, 0.10682305693626404, 0.10191307216882706, 0.09266338497400284, 0.09902612119913101, 0.10289634764194489, 0.09565165638923645, 0.1026599109172821, 0.1029452234506607, 0.0988774299621582]"
14,"[-0.09318140894174576, -0.1586533635854721, 0.758811354637146, -0.015144187025725842, 0.40036606788635254, 0.041145581752061844, 0.07303619384765625, -0.05646978318691254, 0.003723511938005686, 0.0760170966386795, 0.002606651047244668]",6,-0.3193447549154641,"[-0.07978578005324177, -0.1578046598916618, 0.7581001533774367, 0.16370604192554516, 0.40036612195450694, 0.03426403179020149, 0.07152694730366188, -0.07128791638615839, 0.00264791451846777, 0.07695822304391794, 0.001656008394361308]","[0.09653999656438828, 0.10686667263507843, 0.1018560454249382, 0.09279999136924744, 0.09896832704544067, 0.10299637168645859, 0.09566082805395126, 0.10262522846460342, 0.10300923138856888, 0.09867728501558304]"
15,"[-0.0797857791185379, -0.15780465304851532, 0.758100152015686, 0.16370604932308197, 0.4003661274909973, 0.034264031797647476, 0.07152694463729858, -0.07128791511058807, 0.002647914458066225, 0.07695822417736053, 0.001656008418649435]",3,-0.3363061895402873,"[-0.07867124642508472, -0.1936101713206737, 0.770113118434165, 0.16149787202050092, 0.40036632216251355, 0.039672938629747426, 0.07944470839961804, -0.07605245318757703, 0.0020455726584589495, 0.07575221719421957, 0.002606650983261072]","[0.09608147293329239, 0.10621219128370285, 0.10211494565010071, 0.09255203604698181, 0.09926097840070724, 0.10278674215078354, 0.0961151048541069, 0.10240647941827774, 0.1033690795302391, 0.09910092502832413]"
16,"[-0.07867124676704407, -0.19361017644405365, 0.7701131105422974, 0.16149787604808807, 0.40036633610725403, 0.039672937244176865, 0.07944470643997192, -0.07605244964361191, 0.0020455727353692055, 0.07575221359729767, 0.002606651047244668]",1,-0.35932153957166985,"[-0.16273249527649725, -0.1930275843699567, 0.7720146195402071, 0.1405853261792558, 0.4003663616892794, 0.032670729238891735, 0.08133594710154968, -0.09385963405961695, 0.002045556806465107, 0.07575221191382422, 0.002616438652217945]","[0.09607759863138199, 0.10609839856624603, 0.1022002100944519, 0.09259732067584991, 0.09922994673252106, 0.10281360149383545, 0.09615360200405121, 0.10251152515411377, 0.10331355035305023, 0.09900425374507904]"
17,"[-0.16273249685764313, -0.1930275857448578, 0.7720146179199219, 0.14058533310890198, 0.4003663659095764, 0.032670728862285614, 0.08133594691753387, -0.09385963529348373, 0.002045556902885437, 0.07575221359729767, 0.0026164385490119457]",6,-0.38502549230098015,"[-0.15559218625828564, -0.19146733941389726, 0.7739821533497251, 0.31277281033908366, 0.4003664901244113, 0.026702698092098062, 0.08181747726509953, -0.112033795031238, 0.0020455474393674677, 0.07575220874337771, 0.002616438652217945]","[0.09605048596858978, 0.10605345666408539, 0.10218357294797897, 0.09291539341211319, 0.09922868758440018, 0.10283020883798599, 0.09607448428869247, 0.1024792268872261, 0.10355150699615479, 0.09863303601741791]"
18,"[-0.1555921882390976, -0.19146734476089478, 0.7739821672439575, 0.31277281045913696, 0.40036648511886597, 0.026702698320150375, 0.08181747794151306, -0.11203379184007645, 0.002045547356829047, 0.07575220614671707, 0.0026164385490119457]",2,-0.3651141581380737,"[-0.15505113697974693, -0.13709950878150146, 0.7583635314232238, 0.3155931011108679, 0.4003665991180325, 0.02234619471272835, 0.0691911533874, -0.10779793012649663, 0.0011749579591456144, 0.07667149806038845, 0.0009477848478730566]","[0.09580851346254349, 0.10541894286870956, 0.1022053211927414, 0.09271668642759323, 0.09952510893344879, 0.10254174470901489, 0.09639324247837067, 0.10229344666004181, 0.10400260984897614, 0.09909438341856003]"
19,"[-0.15505114197731018, -0.1370995044708252, 0.7583635449409485, 0.31559309363365173, 0.4003666043281555, 0.022346194833517075, 0.06919115036725998, -0.10779792815446854, 0.0011749579571187496, 0.07667149603366852, 0.0009477848652750254]",6,-0.3872496159258945,"[-0.14126397792628786, -0.11878466883329253, 0.7602657254535465, 0.4947333692639262, 0.4003667769535397, 0.018447304947581428, 0.07049016722288387, -0.12205914499595949, -0.0020743393047165937, 0.07591309022914658, 0.0024491708806044787]","[0.09581627696752548, 0.10550922155380249, 0.10210222005844116, 0.09269208461046219, 0.09955140948295593, 0.10259208083152771, 0.09636754542589188, 0.10212650150060654, 0.1040232852101326, 0.0992194339632988]"
20,"[-0.14126397669315338, -0.11878466606140137, 0.7602657079696655, 0.49473336338996887, 0.40036678314208984, 0.018447304144501686, 0.07049016654491425, -0.12205914407968521, -0.0020743391942232847, 0.07591308653354645, 0.002449170919135213]",0,-0.3535856315393605,"[-0.03846689987520513, -0.1197787970044848, 0.7683849467532484, 0.5230348080395268, 0.40036691018430837, 0.030935323686701516, 0.06842506162379758, -0.10248578000285291, -0.0030697182862124, 0.07475799680054127, 0.0009422777632032142]","[0.0954967588186264, 0.10503683239221573, 0.10242881625890732, 0.09222308546304703, 0.09954781085252762, 0.10226203501224518, 0.09694206714630127, 0.10214248299598694, 0.10413216799497604, 0.09978795051574707]"
21,"[-0.03846690058708191, -0.11977879703044891, 0.7683849334716797, 0.5230348110198975, 0.4003669023513794, 0.030935322865843773, 0.06842505931854248, -0.1024857833981514, -0.0030697183683514595, 0.07475799322128296, 0.0009422777802683413]",0,-0.2999894830373122,"[0.10694570471356002, -0.12090706629410342, 0.7763253813338187, 0.5515601967313755, 0.40036709271454196, 0.03729069295024463, 0.0697895167022426, -0.06910861490024911, 0.005127169681654317, 0.07142780223971648, 0.0013616404342361443]","[0.09533224254846573, 0.10510965436697006, 0.10234980285167694, 0.09166824817657471, 0.09957434237003326, 0.10219606757164001, 0.09707512706518173, 0.10223829001188278, 0.1038743108510971, 0.10058198124170303]"
22,"[0.1069457083940506, -0.12090706825256348, 0.7763254046440125, 0.5515602231025696, 0.4003670811653137, 0.03729069232940674, 0.06978951394557953, -0.06910861283540726, 0.005127169657498598, 0.07142779976129532, 0.001361640403047204]",0,-0.2778838235295107,"[0.24828767603155377, -0.12167039932497836, 0.7881077906729859, 0.5792322758403614, 0.3990745426317117, 0.05543351825982528, 0.06833314651684153, -0.03998613692619024, 0.004979397251168097, 0.0696345862043102, 0.0026164386517236737]","[0.09501824527978897, 0.10527459532022476, 0.10181738436222076, 0.09085432440042496, 0.09972412884235382, 0.10226746648550034, 0.09718691557645798, 0.10253384709358215, 0.10346371680498123, 0.10185934603214264]"
23,"[0.24828767776489258, -0.12167040258646011, 0.7881078124046326, 0.5792322754859924, 0.3990745544433594, 0.055433519184589386, 0.06833314895629883, -0.03998613730072975, 0.004979397170245647, 0.0696345865726471, 0.0026164385490119457]",9,-0.27596283980387437,"[0.24912693051955692, -0.12075075087789333, 0.7883922731945505, 0.5766644252658724, 0.20607468169589716, 0.05590107171305042, 0.06777825442718077, -0.03791598987134459, 0.0049793883413658535, 0.06963459021812504, 0.0026164386517237848]","[0.09472709149122238, 0.10556906461715698, 0.10138923674821854, 0.0902000442147255, 0.09951277822256088, 0.10247191041707993, 0.09734503924846649, 0.10285667330026627, 0.1031683012843132, 0.10275985300540924]"
24,"[0.24912692606449127, -0.12075074762105942, 0.7883922457695007, 0.5766644477844238, 0.20607468485832214, 0.055901072919368744, 0.06777825206518173, -0.03791598975658417, 0.004979388322681189, 0.0696345865726471, 0.0026164385490119457]",0,-0.2764996976070845,"[0.2744654242411313, -0.12224974389261067, 0.7955467286672722, 0.5995714405770203, 0.2060608085903768, 0.0579077809815781, 0.06680914922888315, -0.03729762706350037, 0.004979379304884263, 0.0696345942890099, 0.0026164386517236737]","[0.0940188467502594, 0.10572955012321472, 0.10149988532066345, 0.09089580178260803, 0.09902622550725937, 0.10215892642736435, 0.0973263829946518, 0.10213316977024078, 0.1033737063407898, 0.10383754223585129]"
25,"[0.274465411901474, -0.12224974483251572, 0.7955467104911804, 0.5995714664459229, 0.20606081187725067, 0.05790778249502182, 0.06680914759635925, -0.037297628819942474, 0.00497937947511673, 0.06963459402322769, 0.0026164385490119457]",9,-0.2774549756021916,"[0.2745325365094651, -0.12181022707470568, 0.7939929392269791, 0.5978515080330009, 0.008560912901591777, 0.059252570917283136, 0.0673189268057158, -0.03545526394246867, 0.004979377974748234, 0.06963459488822854, 0.0026164386517235627]","[0.09387264400720596, 0.10568471252918243, 0.10141754895448685, 0.09071633219718933, 0.0990152508020401, 0.1022375226020813, 0.0974133312702179, 0.10218708962202072, 0.10341881215572357, 0.10403676331043243]"
26,"[0.2745325267314911, -0.12181022763252258, 0.7939929366111755, 0.5978515148162842, 0.008560912683606148, 0.05925257131457329, 0.06731892377138138, -0.035455264151096344, 0.004979378078132868, 0.06963459402322769, 0.0026164385490119457]",8,-0.27956218809108657,"[0.2733953423673352, -0.12249686763518941, 0.794323542133184, 0.6019371952604775, 0.20755915220592147, 0.059701666007641235, 0.06742797221366578, -0.03732667077897378, 0.004979377974748234, 0.06963459488822854, 0.0026164386517235627]","[0.0933675542473793, 0.10590850561857224, 0.10152354091405869, 0.09141697734594345, 0.09897118806838989, 0.10183513164520264, 0.09697433561086655, 0.10164453834295273, 0.10340490192174911, 0.104953333735466]"
27,"[0.2733953297138214, -0.12249686568975449, 0.7943235635757446, 0.6019371747970581, 0.20755915343761444, 0.05970166623592377, 0.06742797046899796, -0.03732667118310928, 0.004979378078132868, 0.06963459402322769, 0.0026164385490119457]",6,-0.2877761338055166,"[0.27857190985331304, -0.10085816670504144, 0.7839187686427929, 0.776465940529401, 0.2075591995392294, 0.051490809561841155, 0.07261441716935849, -0.04896509017939976, 0.004979377974748234, 0.06963459488822854, 0.0026164386517235627]","[0.09387698024511337, 0.10567354410886765, 0.1014023870229721, 0.09071917086839676, 0.0990220308303833, 0.10223931074142456, 0.09741941094398499, 0.10220342129468918, 0.10342693328857422, 0.1040167436003685]"
28,"[0.2785719037055969, -0.1008581668138504, 0.7839187979698181, 0.7764659523963928, 0.20755919814109802, 0.05149080976843834, 0.07261441648006439, -0.04896508902311325, 0.004979378078132868, 0.06963459402322769, 0.0026164385490119457]",9,-0.28722507136705977,"[0.27943374216668726, -0.10002746277790653, 0.7823017392814302, 0.7710233616361206, 0.007559318644524637, 0.051551736889121756, 0.07201873890663155, -0.04920921643190479, 0.004979377974748234, 0.06963459488822854, 0.0026164386517235627]","[0.09329677373170853, 0.10534083843231201, 0.10095709562301636, 0.09003712236881256, 0.09913033246994019, 0.10234550386667252, 0.09795916825532913, 0.1028447300195694, 0.10373300313949585, 0.10435547679662704]"
29,"[0.2794337570667267, -0.10002746433019638, 0.7823017239570618, 0.7710233330726624, 0.00755931856110692, 0.051551736891269684, 0.07201874256134033, -0.04920921474695206, 0.004979378078132868, 0.06963459402322769, 0.0026164385490119457]",2,-0.26303418614219287,"[0.27975107963588997, -0.05159267362290976, 0.7675844423310503, 0.7760682787831374, 0.0075593142061292085, 0.048987027427253936, 0.06399162132426758, -0.04281001986561794, 0.004920040508720122, 0.06830619344918964, 0.0018633697550890505]","[0.09264028817415237, 0.10555842518806458, 0.10122964531183243, 0.09072405099868774, 0.09909646213054657, 0.1019984781742096, 0.09739764779806137, 0.1023559644818306, 0.10355430096387863, 0.10544483363628387]"
30,"[0.27975109219551086, -0.05159267410635948, 0.7675844430923462, 0.7760682702064514, 0.0075593143701553345, 0.04898702725768089, 0.06399162113666534, -0.042810019105672836, 0.004920040722936392, 0.06830619275569916, 0.0018633697181940079]",9,-0.2609939067291341,"[0.28069907390619253, -0.05065835765519999, 0.7676928926881867, 0.7708421738364528, -0.1894405608211338, 0.05117585755313841, 0.06645598316052642, -0.04163710379594299, 0.002047092116894439, 0.06615298118824561, 0.00260665098350521]","[0.09251585602760315, 0.10568471997976303, 0.10118075460195541, 0.0908019170165062, 0.09918783605098724, 0.10191120952367783, 0.09748145937919617, 0.10239360481500626, 0.10351762175559998, 0.10532502084970474]"
31,"[0.28069907426834106, -0.05065835639834404, 0.7676928639411926, 0.7708421945571899, -0.1894405633211136, 0.051175858825445175, 0.06645598262548447, -0.041637104004621506, 0.0020470921881496906, 0.06615298241376877, 0.002606651047244668]",5,-0.27301741026150905,"[0.2782143124643417, -0.027186481609509094, 0.6631025560767254, 0.7747103607911967, -0.1894202257822135, 0.05463476793870627, 0.07574215998922287, -0.03477245221641123, 0.002047076195648756, 0.06615298613865761, 0.002616438651800279]","[0.0919937714934349, 0.10566962510347366, 0.10156915336847305, 0.0915680006146431, 0.09926645457744598, 0.10128074884414673, 0.09698228538036346, 0.10196295380592346, 0.10344681888818741, 0.10626022517681122]"
32,"[0.27821430563926697, -0.027186481282114983, 0.6631025671958923, 0.7747103571891785, -0.18942022323608398, 0.05463476851582527, 0.07574216276407242, -0.03477245196700096, 0.0020470761228352785, 0.06615298241376877, 0.0026164385490119457]",6,-0.28684863742400635,"[0.28211160553955406, -0.008682914357760474, 0.6519704714119028, 0.9592488818645952, -0.1894200048388699, 0.049767679710920096, 0.08334815029533976, -0.04397167717995587, 0.0020470731972977996, 0.066152987268532, 0.00260665098350521]","[0.0922873467206955, 0.1059698611497879, 0.10146630555391312, 0.09157215058803558, 0.09960523247718811, 0.10114654898643494, 0.0967361256480217, 0.10214587301015854, 0.10340948402881622, 0.10566110908985138]"
33,"[0.28211161494255066, -0.008682914078235626, 0.6519704461097717, 0.9592489004135132, -0.18941999971866608, 0.04976768046617508, 0.08334814757108688, -0.043971676379442215, 0.002047073096036911, 0.06615298986434937, 0.002606651047244668]",1,-0.30101447800207193,"[0.1958174037107101, -0.008619018209752305, 0.6311594346447862, 0.9461786407970196, -0.18941920051778194, 0.0389444922322169, 0.08696904001368846, -0.06194070937410279, 0.0020470653065150363, 0.06615298963815264, 0.002616438651800279]","[0.09170277416706085, 0.10582325607538223, 0.10086067020893097, 0.09074638038873672, 0.09974482655525208, 0.10127054899930954, 0.09708172082901001, 0.10285530239343643, 0.10361161082983017, 0.10630292445421219]"
34,"[0.19581741094589233, -0.008619017899036407, 0.6311594247817993, 0.9461786150932312, -0.1894191950559616, 0.03894449397921562, 0.0869690403342247, -0.06194071099162102, 0.0020470654126256704, 0.06615298986434937, 0.0026164385490119457]",9,-0.30155864906267815,"[0.19651596368403101, -0.008617559962876165, 0.6283277242522232, 0.9462016003351543, -0.38841844333789144, 0.038967525031069275, 0.0867391642679752, -0.06274319721002841, 0.0020470653065150363, 0.06615298963815264, 0.002616438651800279]","[0.09196151047945023, 0.10553105920553207, 0.10114241391420364, 0.09123804420232773, 0.09974158555269241, 0.1009487584233284, 0.09717392176389694, 0.1026630625128746, 0.10381866246461868, 0.10578098148107529]"
35,"[0.19651596248149872, -0.008617560379207134, 0.6283277273178101, 0.9462016224861145, -0.38841843605041504, 0.038967523723840714, 0.08673916757106781, -0.06274319440126419, 0.0020470654126256704, 0.06615298986434937, 0.0026164385490119457]",2,-0.3018071763744966,"[0.19748763838884198, -0.008625659404080999, 0.6234499592998155, 0.9456371058649218, -0.38841773277923064, 0.03933950279731025, 0.08737562700212928, -0.06184732501728474, 0.0020470653065150363, 0.06615298963815264, 0.002616438651800279]","[0.09149269759654999, 0.10570627450942993, 0.10146699845790863, 0.09174088388681412, 0.0998869463801384, 0.10020597279071808, 0.09675892442464828, 0.10262013226747513, 0.10334710031747818, 0.10677414387464523]"
36,"[0.19748763740062714, -0.00862565916031599, 0.623449981212616, 0.9456371068954468, -0.38841772079467773, 0.03933950141072273, 0.08737562596797943, -0.061847325414419174, 0.0020470654126256704, 0.06615298986434937, 0.0026164385490119457]",6,-0.3333200921867192,"[0.20116112869276837, -0.008320466439667662, 0.618126854891659, 1.125273847874257, -0.38841488618407105, 0.04015325496385644, 0.09918764436485147, -0.0734778880128395, 0.0020470653065150363, 0.06615298963815264, 0.002616438651800279]","[0.09151540696620941, 0.1057259738445282, 0.10146040469408035, 0.09173503518104553, 0.09990576654672623, 0.10018948465585709, 0.09675876796245575, 0.10262437164783478, 0.10334351658821106, 0.1067412942647934]"
37,"[0.20116113126277924, -0.008320466615259647, 0.6181268692016602, 1.1252738237380981, -0.3884148895740509, 0.04015325382351875, 0.09918764233589172, -0.07347788661718369, 0.0020470654126256704, 0.06615298986434937, 0.0026164385490119457]",6,-0.37007175305371576,"[0.20339208996194724, -0.008374136772927088, 0.6118019664212708, 1.3152116998624068, -0.38841227966672953, 0.044537659530291554, 0.11227073579677946, -0.08584515724173725, 0.0020470653065150363, 0.06615298963815264, 0.002616438651800279]","[0.09111239016056061, 0.1058523878455162, 0.10090988129377365, 0.09099405258893967, 0.09982415288686752, 0.10039857029914856, 0.09700699150562286, 0.1030794233083725, 0.10325557738542557, 0.10756660252809525]"
38,"[0.20339208841323853, -0.008374136872589588, 0.6118019819259644, 1.3152116537094116, -0.3884122669696808, 0.044537659734487534, 0.11227073520421982, -0.08584515750408173, 0.0020470654126256704, 0.06615298986434937, 0.0026164385490119457]",8,-0.3727299165613187,"[0.20434027337572136, -0.00862109831391411, 0.6082404319119634, 1.3153517031372983, -0.19541140308458438, 0.04649867149737494, 0.1125336368203402, -0.08676072326177431, 0.0020470653065150363, 0.06615298963815264, 0.002616438651800279]","[0.09077281504869461, 0.10609658062458038, 0.10014519095420837, 0.09042410552501678, 0.09965310245752335, 0.10068473219871521, 0.0974065288901329, 0.10341285914182663, 0.10294503718614578, 0.10845908522605896]"
39,"[0.20434027910232544, -0.008621098473668098, 0.6082404255867004, 1.3153517246246338, -0.19541139900684357, 0.04649867117404938, 0.11253363639116287, -0.08676072210073471, 0.0020470654126256704, 0.06615298986434937, 0.0026164385490119457]",3,-0.3860549500518772,"[0.20571788379407785, -0.03456316819518168, 0.607752712843526, 1.3099196267513635, -0.1954113045669157, 0.04943050082735771, 0.11819884628833308, -0.08930648308609568, 0.0020470653065150363, 0.06615298963815264, 0.002616438651800279]","[0.09118065983057022, 0.10578811913728714, 0.09975594282150269, 0.09007451683282852, 0.09959393739700317, 0.10119184851646423, 0.09793823957443237, 0.10372987389564514, 0.10363734513521194, 0.10710956901311874]"
40,"[0.20571787655353546, -0.03456316888332367, 0.6077527403831482, 1.3099195957183838, -0.1954113095998764, 0.04943050071597099, 0.11819884926080704, -0.08930648118257523, 0.0020470654126256704, 0.06615298986434937, 0.0026164385490119457]",7,-0.36285621794660505,"[0.20405847339133398, -0.04889559192476867, 0.6063493791851533, 1.124487715898007, -0.19541134465004895, 0.05012080593315773, 0.10934214425204905, -0.08021047822369254, 0.0020470653065150363, 0.06615298963815264, 0.002616438651800279]","[0.09127184003591537, 0.10567928850650787, 0.09976935386657715, 0.0900813490152359, 0.09953843057155609, 0.10121427476406097, 0.09789588302373886, 0.10374919325113297, 0.10368373990058899, 0.10711665451526642]"
41,"[0.2040584683418274, -0.048895593732595444, 0.6063494086265564, 1.1244877576828003, -0.1954113394021988, 0.05012080445885658, 0.10934214293956757, -0.08021047711372375, 0.0020470654126256704, 0.06615298986434937, 0.0026164385490119457]",8,-0.35943381539446617,"[0.20507494216704814, -0.04792391473231561, 0.6047971783803954, 1.1234995524413094, 0.0025887511061872814, 0.048138245670723966, 0.1096688928041866, -0.07787877107216612, 0.0020470653065150363, 0.06615298963815264, 0.002616438651800279]","[0.09167178720235825, 0.1054987832903862, 0.10033530741930008, 0.0906398594379425, 0.09971436858177185, 0.10103356093168259, 0.09749370068311691, 0.10333824157714844, 0.10385763645172119, 0.1064167469739914]"
42,"[0.20507493615150452, -0.04792391508817673, 0.6047971844673157, 1.1234995126724243, 0.0025887510273605585, 0.048138245940208435, 0.10966889560222626, -0.07787877321243286, 0.0020470654126256704, 0.06615298986434937, 0.0026164385490119457]",6,-0.3728580838585692,"[0.20756773667427364, -0.010353070854767665, 0.597564243081159, 1.3166509986436976, 0.0025888444568185065, 0.0471910287521771, 0.11435385218741131, -0.08407579150809052, 0.0020470653065150363, 0.06615298963815264, 0.002616438651800279]","[0.09223966300487518, 0.10548033565282822, 0.10020604729652405, 0.09020811319351196, 0.09961854666471481, 0.10137013345956802, 0.0981653705239296, 0.10344034433364868, 0.10395581275224686, 0.10531562566757202]"
43,"[0.2075677365064621, -0.010353070683777332, 0.5975642204284668, 1.3166509866714478, 0.0025888443924486637, 0.04719102755188942, 0.11435385048389435, -0.08407579362392426, 0.0020470654126256704, 0.06615298986434937, 0.0026164385490119457]",6,-0.4068297615327795,"[0.20979211735190528, -0.008270242608442224, 0.594349722867169, 1.5047634857908534, 0.0025921285916830072, 0.05281420809625832, 0.12707014107417627, -0.09384130227599041, 0.0020470653065150363, 0.06615298963815264, 0.002616438651800279]","[0.09156952053308487, 0.1057029739022255, 0.09954571723937988, 0.08964533358812332, 0.09963437914848328, 0.10153808444738388, 0.09855744242668152, 0.1041221097111702, 0.10385573655366898, 0.10582869499921799]"
44,"[0.2097921222448349, -0.008270242251455784, 0.59434974193573, 1.5047634840011597, 0.002592128701508045, 0.05281420797109604, 0.12707014381885529, -0.0938412994146347, 0.0020470654126256704, 0.06615298986434937, 0.0026164385490119457]",7,-0.3785862301869839,"[0.20895875221969895, -0.014425444206334959, 0.5925263602121085, 1.3175059294111104, 0.0025920943190200774, 0.05104859352812686, 0.11513619084593987, -0.08587911096767531, 0.0020470653065150363, 0.06615298963815264, 0.002616438651800279]","[0.09106405824422836, 0.10594076663255692, 0.09891678392887115, 0.08912526816129684, 0.09949274361133575, 0.101728655397892, 0.09885641932487488, 0.1046442911028862, 0.10373884439468384, 0.10649214684963226]"
45,"[0.20895874500274658, -0.014425444416701794, 0.592526376247406, 1.317505955696106, 0.0025920942425727844, 0.05104859173297882, 0.11513619124889374, -0.08587910979986191, 0.0020470654126256704, 0.06615298986434937, 0.0026164385490119457]",6,-0.40650360899833515,"[0.21134172267152174, -0.008241177516948639, 0.5892093282888187, 1.5028183637116088, 0.002596060324581373, 0.053279804153895736, 0.12755299862497624, -0.09262585419768843, 0.0020470653065150363, 0.06615298963815264, 0.002616438651800279]","[0.09160628169775009, 0.10570234805345535, 0.09952312707901001, 0.08964330703020096, 0.09962819516658783, 0.10152221471071243, 0.09854883700609207, 0.10415252298116684, 0.10386432707309723, 0.10580885410308838]"
